,frame,average_for_this_video_SEPARATION_pinna_ear_left_to_mouth_corner_left,SEPARATION_pinna_ear_left_to_mouth_corner_left,average_for_this_video_SEPARATION_pinna_ear_right_to_mouth_corner_right,SEPARATION_pinna_ear_right_to_mouth_corner_right,happy,average_for_this_video_SEPARATION_pinna_ear_left_inner_brow_left,SEPARATION_pinna_ear_left_inner_brow_left,average_for_this_video_SEPARATION_pinna_ear_right_inner_brow_right,SEPARATION_pinna_ear_right_inner_brow_right,scared_sad,average_for_this_video_SEPARATION_upper_lip_to_lower_lip,SEPARATION_upper_lip_to_lower_lip,average_for_this_video_SEPARATION_pinna_ear_left_to_nose_corner_left,SEPARATION_pinna_ear_left_to_nose_corner_left,average_for_this_video_SEPARATION_pinna_ear_right_to_nose_corner_right,SEPARATION_pinna_ear_right_to_nose_corner_right,angry_disgusted,average_for_this_video_SEPARATION_pinna_ear_left_to_pinna_ear_right,SEPARATION_pinna_ear_left_to_pinna_ear_right,ears_apart,ears_tilted,brows_tilted,nose_tilted,mouth_tilted,suprised
2,0,327.7203284802666,254.65620254622075,502.42287643562145,1128.3191643021219,62.53944009164479,178.45414740797662,157.2001553146405,163.79409037648512,143.8055332450206,50.744222048139925,49.384335236925835,9.94763087830863,264.33920519672085,284.6826635185321,246.37970266439223,277.639093672537,40.0,165.44702592936505,11.384421708494441,False,False,False,False,True,28.0
3,1,327.7203284802666,255.2950805558473,502.42287643562145,1127.9979416569274,62.51371401668083,178.45414740797662,158.91920977992905,163.79409037648512,185.86601342512208,50.63054165593682,49.384335236925835,11.217620096666188,264.33920519672085,287.7407953095881,246.37970266439223,279.66196273235425,40.0,165.44702592936505,13.212802867751929,False,False,True,False,True,28.0
4,2,327.7203284802666,256.91855307474634,502.42287643562145,1127.5193126493573,62.448340697997445,178.45414740797662,158.66678830599912,163.79409037648512,185.64756303319774,50.64723418821911,49.384335236925835,13.147754375379698,264.33920519672085,288.44086285987527,246.37970266439223,279.54658014701425,40.0,165.44702592936505,11.882203660127908,False,False,True,False,True,28.0
5,3,327.7203284802666,253.86223602160487,502.42287643562145,1124.2970432405796,62.571411206667335,178.45414740797662,159.7693741270603,163.79409037648512,143.10443894108911,50.574320623752854,49.384335236925835,12.847886014335598,264.33920519672085,287.61653249870113,246.37970266439223,277.6229407417673,40.0,165.44702592936505,13.36916828516019,False,False,False,False,True,28.0
6,4,327.7203284802666,258.0711760938596,502.42287643562145,1151.367860047944,62.401927351868615,178.45414740797662,157.19273700362086,163.79409037648512,55.12808190748193,50.74471261811501,49.384335236925835,13.65423116905168,264.33920519672085,283.02311940189725,246.37970266439223,151.26284112147343,40.0,165.44702592936505,144.78048629077722,False,True,True,False,True,29.466362136529057
7,5,327.7203284802666,253.79533712776617,502.42287643562145,1150.4358722286438,62.57410506360397,178.45414740797662,197.7136442455694,163.79409037648512,53.92761364711235,56.604130626327816,49.384335236925835,14.312734948856916,264.33920519672085,275.48530357997606,246.37970266439223,146.17958508335772,40.0,165.44702592936505,145.84897908664303,False,True,False,False,True,28.0
8,6,327.7203284802666,256.11504264360116,502.42287643562145,1139.766906666523,62.48069612309346,178.45414740797662,195.34468827720485,163.79409037648512,2.5758871337324174,60.0,49.384335236925835,40.914443506462,264.33920519672085,271.37923981249253,246.37970266439223,139.27481672651516,40.0,165.44702592936505,144.9185260988357,False,True,True,False,True,29.467687020045172
9,7,327.7203284802666,253.56431045940568,502.42287643562145,1159.278470781949,62.58340794975651,178.45414740797662,198.69369444075986,163.79409037648512,82.14151916422965,54.73835620816302,49.384335236925835,36.401401221031456,264.33920519672085,265.7958400264549,246.37970266439223,215.15918146620314,40.0,165.44702592936505,84.13718518240367,False,False,True,False,True,28.0
10,8,327.7203284802666,250.94916941539952,502.42287643562145,1158.8508078017148,62.68871336569775,178.45414740797662,188.0175243587414,163.79409037648512,79.01105949463894,54.94537226856187,49.384335236925835,36.038055026558325,264.33920519672085,252.84923082157502,246.37970266439223,205.77769186461686,40.0,165.44702592936505,82.99462865304075,False,False,False,False,True,28.0
11,9,327.7203284802666,269.7803903804454,502.42287643562145,1156.6727437526058,61.93042556284654,178.45414740797662,226.74430812586536,163.79409037648512,72.83560737408185,55.35375247597933,49.384335236925835,16.108113722857098,264.33920519672085,278.07934586380543,246.37970266439223,196.87229133218247,40.0,165.44702592936505,127.88314857785291,False,False,False,False,True,28.0
12,10,327.7203284802666,256.9448122822304,502.42287643562145,1156.9855523684053,62.44728330311133,178.45414740797662,204.52829316681948,163.79409037648512,70.75734935764298,55.49118685701761,49.384335236925835,37.667496397624475,264.33920519672085,256.1582977235475,246.37970266439223,190.83858868873276,40.0,165.44702592936505,111.7208608357907,False,False,False,False,True,28.0
13,11,327.7203284802666,252.55422281265575,502.42287643562145,1151.0004898056188,62.62408174057246,178.45414740797662,199.74034476321586,163.79409037648512,112.41492287442661,52.73638798866244,49.384335236925835,28.616988941606863,264.33920519672085,246.43968002930217,246.37970266439223,186.47547289641946,40.0,165.44702592936505,103.89748075911282,False,False,False,False,True,28.0
14,12,327.7203284802666,180.83390879114916,502.42287643562145,1150.5816353511245,65.51208562731536,178.45414740797662,135.72949895543044,163.79409037648512,66.07124139188655,52.16406806527206,49.384335236925835,23.598376097437274,264.33920519672085,239.35668989551115,246.37970266439223,183.41331112735983,40.0,165.44702592936505,106.45646574547403,False,False,False,False,True,28.0
15,13,327.7203284802666,255.72682952960332,502.42287643562145,264.208368764233,62.496328527906606,178.45414740797662,138.39926002501707,163.79409037648512,89.55761700626186,51.98751782116548,49.384335236925835,32.781312859075754,264.33920519672085,234.4029569206431,246.37970266439223,177.49231786740393,40.0,165.44702592936505,117.41767058405148,False,False,False,False,True,28.0
16,14,327.7203284802666,247.06875086423832,502.42287643562145,211.97334060733118,62.844968452012374,178.45414740797662,123.08753673436709,163.79409037648512,23.438708611355512,53.000076029258324,49.384335236925835,30.441452970302958,264.33920519672085,220.77816254057097,246.37970266439223,141.99257705258677,40.0,165.44702592936505,182.29102836703794,True,True,False,False,True,29.82638218854423
17,15,327.7203284802666,246.25539412774296,502.42287643562145,215.51423943068215,62.87772036405229,178.45414740797662,120.38976810279819,163.79409037648512,30.746183434608174,53.17847840236668,49.384335236925835,27.117934405183895,264.33920519672085,222.15682745035105,246.37970266439223,147.0421537556798,40.0,165.44702592936505,192.94505107904217,True,True,False,False,True,29.928637757209394
18,16,327.7203284802666,241.155801402961,502.42287643562145,215.02157798792734,63.08306865080909,178.45414740797662,124.24037735066501,163.79409037648512,40.344061022834715,52.92383913505007,49.384335236925835,27.20682187589229,264.33920519672085,222.29955339397534,246.37970266439223,151.59202409871529,40.0,165.44702592936505,205.32689366104876,True,True,False,False,True,30.047476658586902
19,17,327.7203284802666,228.12823120792768,502.42287643562145,212.99613735878893,63.60765744927405,178.45414740797662,71.60214678751393,163.79409037648512,38.33046196946561,56.4047845129455,49.384335236925835,25.371221136632386,264.33920519672085,183.30059918080295,246.37970266439223,153.79511924395442,40.0,165.44702592936505,124.14718410236732,False,True,False,False,True,28.0
20,18,327.7203284802666,229.47008096015992,502.42287643562145,212.13288377465497,63.553624399464624,178.45414740797662,70.36929232068353,163.79409037648512,40.626495662749484,56.486312691457925,49.384335236925835,26.10314495973667,264.33920519672085,182.75120003814428,246.37970266439223,158.85153406041712,40.0,165.44702592936505,122.50364312442356,False,True,False,False,True,28.0
21,19,327.7203284802666,232.83929370743937,502.42287643562145,238.30684526881709,63.41795433663572,178.45414740797662,111.26098824070857,163.79409037648512,56.49773598794268,53.78216100580531,49.384335236925835,24.15940444061211,264.33920519672085,207.25719968534656,246.37970266439223,173.1468035851472,40.0,165.44702592936505,155.5953802878574,False,False,False,False,True,28.0
22,20,327.7203284802666,228.8008456810503,502.42287643562145,233.02409251490792,63.58057288837719,178.45414740797662,106.62540352235989,163.79409037648512,53.56523090715976,54.08871039066389,49.384335236925835,26.88828555331171,264.33920519672085,201.66755280968138,246.37970266439223,171.8248058650522,40.0,165.44702592936505,159.0562168004095,False,False,False,False,True,28.0
23,21,327.7203284802666,225.96279227416863,502.42287643562145,230.48602058764027,63.69485444697996,178.45414740797662,102.10841270144884,163.79409037648512,52.13851784981026,54.38741720796815,49.384335236925835,23.64094334328501,264.33920519672085,198.336115220494,246.37970266439223,172.58470667036195,40.0,165.44702592936505,160.9992636961236,False,False,False,False,True,28.0
24,22,327.7203284802666,229.81083135968734,502.42287643562145,234.0269980503226,63.53990320357096,178.45414740797662,99.05751587559044,163.79409037648512,54.878534945704736,54.58917180896422,49.384335236925835,25.727535818128278,264.33920519672085,194.97454798808963,246.37970266439223,173.84036067335128,40.0,165.44702592936505,157.30257724748148,False,False,False,False,True,28.0
25,23,327.7203284802666,227.2061949800433,502.42287643562145,234.8459673530314,63.64478562204041,178.45414740797662,105.69252492097988,163.79409037648512,56.368971123827805,54.15040128378226,49.384335236925835,26.850678119877074,264.33920519672085,202.0189748690722,246.37970266439223,181.0633298077208,40.0,165.44702592936505,164.80106566097297,False,False,False,False,True,28.0
26,24,327.7203284802666,232.3980070122397,502.42287643562145,236.23323124261995,63.43572388642495,178.45414740797662,105.30575889259715,163.79409037648512,59.11476078746886,54.17597796834065,49.384335236925835,24.221344175231465,264.33920519672085,200.6391008329648,246.37970266439223,180.56223362662698,40.0,165.44702592936505,165.0779460658886,False,False,False,False,True,28.0
27,25,327.7203284802666,228.90576729163524,502.42287643562145,236.49642740586586,63.576347948437835,178.45414740797662,104.24089750062961,163.79409037648512,57.81235057699773,54.24639683122439,49.384335236925835,24.023618178123392,264.33920519672085,202.7669399161465,246.37970266439223,182.74609364972167,40.0,165.44702592936505,160.11795414009862,False,False,False,False,True,28.0
28,26,327.7203284802666,235.03203815708832,502.42287643562145,237.79083421220676,63.32965781173036,178.45414740797662,101.12797368730867,163.79409037648512,59.02505082738592,54.45225325238049,49.384335236925835,23.53136911925431,264.33920519672085,201.41267430647986,246.37970266439223,184.262693434761,40.0,165.44702592936505,156.32084768935175,False,False,False,False,True,28.0
29,27,327.7203284802666,239.45965652698214,502.42287643562145,237.80217521456984,63.1513683098546,178.45414740797662,102.75499702931769,163.79409037648512,58.962841571063564,54.344658841977584,49.384335236925835,24.78955156442926,264.33920519672085,203.08117375883603,246.37970266439223,184.0408614008905,40.0,165.44702592936505,159.1991730186597,False,False,False,False,True,28.0
30,28,327.7203284802666,237.5351772839983,502.42287643562145,238.36743186170563,63.22886244257726,178.45414740797662,93.53095758527122,163.79409037648512,59.34721482832604,54.95464092391246,49.384335236925835,24.61995066971211,264.33920519672085,195.16557895929918,246.37970266439223,185.9523916810781,40.0,165.44702592936505,153.40010599993929,False,False,False,False,True,28.0
31,29,327.7203284802666,238.87707050750822,502.42287643562145,236.20253274502127,63.174827642284434,178.45414740797662,97.06758087178184,163.79409037648512,60.67240389185185,54.720765424093614,49.384335236925835,23.11655208107291,264.33920519672085,199.61154320068826,246.37970266439223,191.1120701357724,40.0,165.44702592936505,166.35962378651004,False,True,False,False,True,28.0
32,30,327.7203284802666,243.38880947936408,502.42287643562145,237.5570147331782,62.993150806865366,178.45414740797662,100.08255718651573,163.79409037648512,64.91211821194692,54.52138623229791,49.384335236925835,22.18125802615748,264.33920519672085,203.7382920087562,246.37970266439223,193.73112496103502,40.0,165.44702592936505,169.56281682035592,False,True,False,False,True,28.0
33,31,327.7203284802666,245.07846509399437,502.42287643562145,237.01719411256616,62.92511245470693,178.45414740797662,100.84029478624606,163.79409037648512,65.8409567057663,54.471277344380894,49.384335236925835,19.274910763212073,264.33920519672085,204.0688246415394,246.37970266439223,195.04568805387237,40.0,165.44702592936505,170.77613229217687,True,True,False,False,False,28.0
34,32,327.7203284802666,248.59319365632908,502.42287643562145,237.52246556491937,62.78358282133381,178.45414740797662,99.45654234316162,163.79409037648512,66.97872558626845,54.56278434640915,49.384335236925835,18.351682315285924,264.33920519672085,204.98169934977497,246.37970266439223,197.60771967269477,40.0,165.44702592936505,170.0246242345953,False,True,False,False,False,28.0
35,33,327.7203284802666,249.71282534441042,502.42287643562145,237.50994106290716,62.73849795645257,178.45414740797662,102.0495860852995,163.79409037648512,67.81316308793646,54.39130738883843,49.384335236925835,18.25364934262315,264.33920519672085,205.00555088627067,246.37970266439223,198.60152168065733,40.0,165.44702592936505,172.68801848331043,True,True,False,False,False,28.0
36,34,327.7203284802666,246.15239402165832,502.42287643562145,240.2740559496455,62.88186792964463,178.45414740797662,97.42995501182081,163.79409037648512,66.79603721170301,54.69680176546865,49.384335236925835,21.89719542310727,264.33920519672085,199.80655144070957,246.37970266439223,194.91080930817745,40.0,165.44702592936505,162.51996704693983,False,False,False,False,False,28.0
37,35,327.7203284802666,247.98923797857924,502.42287643562145,242.87965757368445,62.807902658308294,178.45414740797662,96.88224268751533,163.79409037648512,65.85518054316061,54.73302176495021,49.384335236925835,22.100294743609975,264.33920519672085,199.98797495549792,246.37970266439223,198.58383404026162,40.0,165.44702592936505,162.5979300425187,False,False,False,False,False,28.0
38,36,327.7203284802666,250.37096183978537,502.42287643562145,243.99835997082917,62.711996388764504,178.45414740797662,94.56270088239485,163.79409037648512,68.8633693916444,54.88641214754832,49.384335236925835,20.153784146190528,264.33920519672085,198.62107450323046,246.37970266439223,200.68382704102265,40.0,165.44702592936505,160.00494871639685,False,False,False,False,False,28.0
39,37,327.7203284802666,248.22515000257008,502.42287643562145,243.64327799313335,62.79840305067954,178.45414740797662,93.81837915203344,163.79409037648512,70.37618164113232,54.93563384932761,49.384335236925835,17.564261369530772,264.33920519672085,199.580179358159,246.37970266439223,201.94978787223695,40.0,165.44702592936505,160.137808223455,False,False,False,False,False,28.0
40,38,327.7203284802666,248.51362598926576,502.42287643562145,244.59400090725904,62.78678681918118,178.45414740797662,91.76099373584172,163.79409037648512,72.42158971031675,55.07168793356302,49.384335236925835,19.72452579279845,264.33920519672085,198.63666322582483,246.37970266439223,204.71967468177712,40.0,165.44702592936505,156.71957696078184,False,False,False,False,False,28.0
41,39,327.7203284802666,247.1561672612371,502.42287643562145,245.92145165992093,62.841448404760186,178.45414740797662,91.33754466868305,163.79409037648512,73.0599996771079,55.09969045297392,49.384335236925835,19.57998628157471,264.33920519672085,194.1951563304115,246.37970266439223,203.83399623638272,40.0,165.44702592936505,155.03270608315364,False,False,False,False,False,28.0
42,40,327.7203284802666,248.29603288858425,502.42287643562145,247.30788760551656,62.7955487679968,178.45414740797662,91.08944112686883,163.79409037648512,74.52428171283464,55.116097442112384,49.384335236925835,21.766826313483392,264.33920519672085,194.84278621041224,246.37970266439223,208.0999151540963,40.0,165.44702592936505,154.4883689741376,False,False,False,False,False,28.0
43,41,327.7203284802666,253.93653329972483,502.42287643562145,247.28793059878151,62.568419434658075,178.45414740797662,105.65734778170042,163.79409037648512,77.18994241456477,54.152727534096385,49.384335236925835,22.0427783174578,264.33920519672085,202.88997501945977,246.37970266439223,207.08935675660248,40.0,165.44702592936505,176.1782091954501,True,False,False,False,False,28.0
44,42,327.7203284802666,253.83432029482464,502.42287643562145,247.73963636848228,62.572535305586065,178.45414740797662,106.0672438266238,163.79409037648512,79.74606706236867,54.12562127068804,49.384335236925835,21.549443674898423,264.33920519672085,202.32216570145198,246.37970266439223,207.8780050970511,40.0,165.44702592936505,175.58211333407175,True,False,False,False,False,28.0
45,43,327.7203284802666,252.84882845804222,502.42287643562145,248.19555050383286,62.61221868251784,178.45414740797662,95.6896171121815,163.79409037648512,80.88476955812956,54.81188962277149,49.384335236925835,21.183097114916688,264.33920519672085,196.23763191368113,246.37970266439223,207.38112086068608,40.0,165.44702592936505,157.10278982253416,False,False,False,False,False,28.0
46,44,327.7203284802666,253.52705022988522,502.42287643562145,247.16118959501253,62.58490832923957,178.45414740797662,101.707281953884,163.79409037648512,79.07508096688166,54.413943825727316,49.384335236925835,20.766418608610692,264.33920519672085,200.5694319845865,246.37970266439223,206.84155572586872,40.0,165.44702592936505,173.44450103214672,True,False,False,False,False,28.0
47,45,327.7203284802666,251.6100407434541,502.42287643562145,248.51163173911132,62.662101672900555,178.45414740797662,90.62877161752799,163.79409037648512,79.51972086786101,55.14656133465059,49.384335236925835,18.347916417427697,264.33920519672085,193.66378617898786,246.37970266439223,207.28602609201795,40.0,165.44702592936505,150.76740278698344,False,False,False,False,False,28.0
48,46,327.7203284802666,250.91314678053757,502.42287643562145,249.624165552784,62.6901639102319,178.45414740797662,89.1719643797847,163.79409037648512,75.94717011725253,55.24289942136921,49.384335236925835,19.065270988013665,264.33920519672085,192.3112297550126,246.37970266439223,205.85784820277715,40.0,165.44702592936505,149.20313758199316,False,False,False,False,False,28.0
49,47,327.7203284802666,252.65313863556497,502.42287643562145,248.64835092778424,62.62009863920265,178.45414740797662,94.01768349669233,163.79409037648512,76.09077867791288,54.92245393180544,49.384335236925835,18.733831493368715,264.33920519672085,195.82466974217076,246.37970266439223,207.06457233072462,40.0,165.44702592936505,154.2098471495665,False,False,False,False,False,28.0
50,48,327.7203284802666,250.29748526058972,502.42287643562145,246.4745054953144,62.71495511320955,178.45414740797662,88.82847655366146,163.79409037648512,74.21174917897093,55.26561413552117,49.384335236925835,19.853468952760537,264.33920519672085,192.6176374760787,246.37970266439223,204.8321660668627,40.0,165.44702592936505,146.08540914483356,False,False,False,False,False,28.0
51,49,327.7203284802666,250.90416638066782,502.42287643562145,246.27895598447228,62.69052552925271,178.45414740797662,91.5920464962066,163.79409037648512,75.28272445126925,55.0828603477309,49.384335236925835,18.34545031924728,264.33920519672085,194.3575402493411,246.37970266439223,207.41283138132343,40.0,165.44702592936505,152.22143187984034,False,False,False,False,False,28.0
52,50,327.7203284802666,251.06829237897455,502.42287643562145,245.41384021947582,62.68391657156071,178.45414740797662,89.8610752614412,163.79409037648512,71.85732142494017,55.19732879118851,49.384335236925835,18.756075462101325,264.33920519672085,193.26757304589214,246.37970266439223,206.67204797539804,40.0,165.44702592936505,150.4065662590191,False,False,False,False,False,28.0
53,51,327.7203284802666,243.04177683639264,502.42287643562145,248.01773086613696,63.00712497353491,178.45414740797662,82.19850182541153,163.79409037648512,72.82032652104094,55.70405174330088,49.384335236925835,19.287944482735618,264.33920519672085,187.4978230503813,246.37970266439223,208.79661693141392,40.0,165.44702592936505,143.49603733954424,False,False,False,False,False,28.0
54,52,327.7203284802666,244.0265090479537,502.42287643562145,248.76167422247184,62.967472184876776,178.45414740797662,80.40439612443599,163.79409037648512,73.91241078944513,55.82269524405029,49.384335236925835,22.88041230942024,264.33920519672085,186.02439465267756,246.37970266439223,210.08686337943857,40.0,165.44702592936505,142.6294937260943,False,False,False,False,False,28.0
55,53,327.7203284802666,245.81370448981247,502.42287643562145,248.30127027508405,62.895506139372436,178.45414740797662,85.19753905350811,163.79409037648512,73.71227799465613,55.505726597003374,49.384335236925835,21.543609643513122,264.33920519672085,189.4436046735418,246.37970266439223,210.5694461523265,40.0,165.44702592936505,152.87031546725402,False,False,False,False,False,28.0
56,54,327.7203284802666,242.9611819858106,502.42287643562145,247.76957533534673,63.010370333582586,178.45414740797662,81.28183624560234,163.79409037648512,74.18556767392407,55.764670475712194,49.384335236925835,21.588879149542663,264.33920519672085,186.20716043093694,246.37970266439223,210.34640881901578,40.0,165.44702592936505,143.74879621352656,False,False,False,False,False,28.0
57,55,327.7203284802666,246.28186076915986,502.42287643562145,243.2856669599289,62.87665461630252,178.45414740797662,101.14417055638533,163.79409037648512,74.95649095307608,54.45118215983149,49.384335236925835,21.186981882765977,264.33920519672085,197.69341414960206,246.37970266439223,208.0643886392777,40.0,165.44702592936505,167.4840591565045,False,False,True,False,False,28.0
58,56,327.7203284802666,247.95677277144526,502.42287643562145,243.67925812674375,62.80920995381677,178.45414740797662,96.34313644913956,163.79409037648512,75.66386334185619,54.768672647371446,49.384335236925835,21.320513511362197,264.33920519672085,194.52022588528874,246.37970266439223,208.04700019664793,40.0,165.44702592936505,163.00959593424076,False,False,False,False,False,28.0
59,57,327.7203284802666,249.57253202304813,502.42287643562145,243.16785797714618,62.744147229784765,178.45414740797662,95.20221198432829,163.79409037648512,76.16657801217535,54.84412153119264,49.384335236925835,21.46211734573154,264.33920519672085,194.16061631864423,246.37970266439223,208.03304214864883,40.0,165.44702592936505,160.24563611900226,False,False,False,False,False,28.0
60,58,327.7203284802666,248.49700843171865,502.42287643562145,245.4340207980755,62.787455968102776,178.45414740797662,96.55194545650166,163.79409037648512,75.38867355854092,54.754864190262154,49.384335236925835,20.528703228056028,264.33920519672085,196.3898376237085,246.37970266439223,210.32956065464543,40.0,165.44702592936505,162.8680845953025,False,False,False,False,False,28.0
61,59,327.7203284802666,250.21429269125923,502.42287643562145,247.75542333229257,62.71830507711939,178.45414740797662,96.22452159328937,163.79409037648512,76.02282101332335,54.77651660089732,49.384335236925835,22.905900677370795,264.33920519672085,198.3414772964898,246.37970266439223,212.4905677689913,40.0,165.44702592936505,162.21760944441996,False,False,False,False,False,28.0
62,60,327.7203284802666,255.17806148896074,502.42287643562145,249.10337543040868,62.5184260919778,178.45414740797662,96.73082391890908,163.79409037648512,77.88414883753639,54.74303502825841,49.384335236925835,21.45055335178307,264.33920519672085,198.27560607779574,246.37970266439223,210.7409529164429,40.0,165.44702592936505,164.39670624050112,False,False,False,False,False,28.0
63,61,327.7203284802666,252.71696865145964,502.42287643562145,244.09507127614518,62.61752835857143,178.45414740797662,92.70724612697944,163.79409037648512,78.97764083985727,55.00911263701498,49.384335236925835,21.536531761999708,264.33920519672085,197.87477699882572,246.37970266439223,211.85037373194325,40.0,165.44702592936505,167.9233174771987,False,False,False,False,False,28.0
64,62,327.7203284802666,254.1047120464122,502.42287643562145,246.83837015903848,62.56164728257359,178.45414740797662,95.93129334496949,163.79409037648512,78.69373463700325,54.795907669038044,49.384335236925835,20.135205135113882,264.33920519672085,199.00032857136148,246.37970266439223,211.04379010185897,40.0,165.44702592936505,166.51092866406907,False,False,False,False,False,28.0
65,63,327.7203284802666,250.56734821988076,502.42287643562145,247.61898748509944,62.70408838338616,178.45414740797662,91.03443609113322,163.79409037648512,76.78585139520108,55.119734903380674,49.384335236925835,19.78447653555141,264.33920519672085,194.99441791297124,246.37970266439223,210.48697610653028,40.0,165.44702592936505,156.93740687870778,False,False,False,False,False,28.0
66,64,327.7203284802666,250.02906795599873,502.42287643562145,251.6027528656847,62.7257636300085,178.45414740797662,90.53382475261509,163.79409037648512,78.95925199350162,55.15284013329235,49.384335236925835,19.623755853569445,264.33920519672085,198.2006096965015,246.37970266439223,214.9646140268355,40.0,165.44702592936505,159.4571617168133,False,False,False,False,False,28.0
67,65,327.7203284802666,250.9361138097356,502.42287643562145,253.76168621233515,62.68923908341686,178.45414740797662,92.27835054744801,163.79409037648512,79.71195326805147,55.03747533213594,49.384335236925835,19.073911336867234,264.33920519672085,199.36486022127377,246.37970266439223,215.70625577431574,40.0,165.44702592936505,160.52078440594613,False,False,False,False,False,28.0
68,66,327.7203284802666,250.3874855969565,502.42287643562145,253.94187652713464,62.71133101695758,178.45414740797662,91.5178691494083,163.79409037648512,80.27176238467212,55.087765666350464,49.384335236925835,18.380092499072024,264.33920519672085,198.02483952782526,246.37970266439223,216.16061255136813,40.0,165.44702592936505,159.41767855006736,False,False,False,False,False,28.0
69,67,327.7203284802666,251.51310386701087,502.42287643562145,249.362422232339,62.66600508687407,178.45414740797662,91.23497107050437,163.79409037648512,77.65515182924715,55.106473604471496,49.384335236925835,18.201790660081794,264.33920519672085,196.31414093918664,246.37970266439223,215.00290616542588,40.0,165.44702592936505,158.47450336888735,False,False,False,False,False,28.0
70,68,327.7203284802666,253.57481553871642,502.42287643562145,249.77162405298824,62.58298493557575,178.45414740797662,91.56311853944901,163.79409037648512,77.88525849229858,55.084773342075316,49.384335236925835,20.84305462378233,264.33920519672085,197.92835268676885,246.37970266439223,214.6498574248756,40.0,165.44702592936505,156.24323852800507,False,False,False,False,False,28.0
71,69,327.7203284802666,252.61246664471935,502.42287643562145,250.08207533074005,62.62173640207703,178.45414740797662,91.743583488717,163.79409037648512,78.71430826128689,55.07283926632266,49.384335236925835,20.455240826933487,264.33920519672085,198.3302166360355,246.37970266439223,215.3238027262822,40.0,165.44702592936505,158.347350114806,False,False,False,False,False,28.0
72,70,327.7203284802666,251.92191667824775,502.42287643562145,249.97926890908946,62.649543181988264,178.45414740797662,145.9048442209365,163.79409037648512,81.25925505933152,51.49117650543972,49.384335236925835,19.374685135633797,264.33920519672085,197.11818054649964,246.37970266439223,216.6638421766281,40.0,165.44702592936505,161.8106970665521,False,False,False,False,False,28.0
73,71,327.7203284802666,251.45301069057396,502.42287643562145,246.9112458036458,62.66842489400242,178.45414740797662,146.0562398808547,163.79409037648512,79.59329110423651,51.48116477029993,49.384335236925835,19.260731682305057,264.33920519672085,196.9870800494877,246.37970266439223,213.79953528244945,40.0,165.44702592936505,160.36550804336886,False,False,False,False,False,28.0
74,72,327.7203284802666,252.39898813458097,502.42287643562145,245.96659705749687,62.6303326662656,178.45414740797662,758.1038670138503,163.79409037648512,78.65762854234657,54.96874451771662,49.384335236925835,19.714243882336287,264.33920519672085,197.32036902116621,246.37970266439223,211.2915288346472,40.0,165.44702592936505,156.6434748726248,False,False,True,False,False,28.0
75,73,327.7203284802666,251.21875980367608,502.42287643562145,240.45720893037617,62.67785761165102,178.45414740797662,93.82729835716992,163.79409037648512,73.22179237244497,54.93504402581792,49.384335236925835,19.129208239043397,264.33920519672085,196.48536655322548,246.37970266439223,207.05686273309115,40.0,165.44702592936505,155.4296734370641,False,True,False,False,False,28.0
76,74,327.7203284802666,253.21330050270444,502.42287643562145,239.32908494214072,62.59754227324727,178.45414740797662,95.65970562504286,163.79409037648512,72.44819351691622,54.81386765759119,49.384335236925835,19.57135265589339,264.33920519672085,198.80848712956688,246.37970266439223,205.7279571640347,40.0,165.44702592936505,160.9107982232385,False,True,False,False,False,28.0
77,75,327.7203284802666,250.3839395904583,502.42287643562145,239.75981471049687,62.71147380607791,178.45414740797662,88.9295471137064,163.79409037648512,71.53972450305162,55.25893037934119,49.384335236925835,19.619718525892452,264.33920519672085,195.96229844748552,246.37970266439223,205.42505648570904,40.0,165.44702592936505,157.23903808398148,False,True,False,False,False,28.0
78,76,327.7203284802666,249.32957704798932,502.42287643562145,236.09912517294902,62.75393044004878,178.45414740797662,88.18505306308516,163.79409037648512,68.85352122437936,55.30816347659113,49.384335236925835,20.87439180000901,264.33920519672085,195.99081090757505,246.37970266439223,204.44936523594683,40.0,165.44702592936505,158.37809950193113,False,True,False,False,False,28.0
79,77,327.7203284802666,247.47361829458285,502.42287643562145,237.76616902783073,62.82866541808952,178.45414740797662,88.71996164270229,163.79409037648512,66.70829583015131,55.272790183684165,49.384335236925835,18.843608942754326,264.33920519672085,198.21410570610448,246.37970266439223,199.6943626599832,40.0,165.44702592936505,157.25822127849256,False,False,False,False,False,28.0
80,78,327.7203284802666,246.60962703747657,502.42287643562145,240.09757925485502,62.86345626002429,178.45414740797662,87.98999627670474,163.79409037648512,63.466586679153224,55.3210625047635,49.384335236925835,19.092768714439863,264.33920519672085,198.73902529918314,246.37970266439223,193.9140334877956,40.0,165.44702592936505,148.68183345972705,False,True,False,False,False,28.0
81,79,327.7203284802666,248.40967146418936,502.42287643562145,245.99682827891385,62.790972816922,178.45414740797662,92.6952191225753,163.79409037648512,71.52888642458663,55.00990797806164,49.384335236925835,22.02199349452351,264.33920519672085,201.3068190893201,246.37970266439223,197.55303726724497,40.0,165.44702592936505,139.17483701741895,False,False,False,False,False,28.0
82,80,327.7203284802666,246.88028334051344,502.42287643562145,247.94770909424383,62.85255758416368,178.45414740797662,94.23141391772563,163.79409037648512,69.52188467150181,54.908320023555646,49.384335236925835,20.566267437352973,264.33920519672085,203.20403651003255,246.37970266439223,195.96692580262567,40.0,165.44702592936505,137.1175932888042,False,False,False,False,False,28.0
83,81,327.7203284802666,244.36118198140917,502.42287643562145,249.3619394284526,62.953995713868615,178.45414740797662,95.33153172609245,163.79409037648512,72.11938888706474,54.835569667793195,49.384335236925835,21.814454343047267,264.33920519672085,203.47423374492723,246.37970266439223,194.6797571632141,40.0,165.44702592936505,135.54256529600283,False,False,False,False,True,28.0
84,82,327.7203284802666,243.50963698613108,502.42287643562145,250.50770347389633,62.98828537488937,178.45414740797662,98.31345088326937,163.79409037648512,77.12924537882897,54.638376532758386,49.384335236925835,25.399135551354448,264.33920519672085,203.42649246993852,246.37970266439223,192.795510296719,40.0,165.44702592936505,137.70516359718258,False,False,False,False,True,28.0
85,83,327.7203284802666,245.5184268810302,502.42287643562145,243.918871025617,62.90739625577064,178.45414740797662,104.30371829535409,163.79409037648512,78.9607588970414,54.24224251690393,49.384335236925835,23.45382043855668,264.33920519672085,203.99617404925226,246.37970266439223,190.2210915211211,40.0,165.44702592936505,140.81610404133923,False,False,False,False,False,28.0
86,84,327.7203284802666,239.67287776335834,502.42287643562145,241.85349478187257,63.142782405459286,178.45414740797662,106.09462642985291,163.79409037648512,78.66266032288043,54.12381046996155,49.384335236925835,23.620930286295117,264.33920519672085,205.25348961517605,246.37970266439223,188.49090501470332,40.0,165.44702592936505,139.58444462676886,False,False,False,False,False,28.0
87,85,327.7203284802666,228.5432751613033,502.42287643562145,242.1245883654866,63.59094463133856,178.45414740797662,100.74826826155696,163.79409037648512,80.10028897763502,54.47736302207813,49.384335236925835,24.42372078240489,264.33920519672085,206.12205976249223,246.37970266439223,190.1214560611043,40.0,165.44702592936505,137.36316806334085,False,False,False,False,True,28.0
88,86,327.7203284802666,933.6282097439953,502.42287643562145,244.08417318549166,70.0,178.45414740797662,112.80571551266934,163.79409037648512,82.59823892765766,53.68000880198094,49.384335236925835,23.56973601834604,264.33920519672085,212.81718951926683,246.37970266439223,186.07132675658215,40.0,165.44702592936505,145.00829865905516,False,False,False,False,True,28.0
89,87,327.7203284802666,232.41848845932176,502.42287643562145,251.55471711173982,63.43489914800061,178.45414740797662,133.49147955893952,163.79409037648512,86.7776428286506,52.31206740321541,49.384335236925835,24.97573540244429,264.33920519672085,235.46912650468934,246.37970266439223,184.07098661880033,40.0,165.44702592936505,173.34269564999275,True,False,True,False,True,29.74049755366772
90,88,327.7203284802666,239.2095099056612,502.42287643562145,259.70998543801034,63.16144111035034,178.45414740797662,148.7585619436365,163.79409037648512,95.12886940201679,51.30246128058555,49.384335236925835,30.683031941303806,264.33920519672085,245.71096838056576,246.37970266439223,186.96052351318124,40.0,165.44702592936505,173.7826717839562,True,False,False,False,True,28.0
91,89,327.7203284802666,277.7370548112255,502.42287643562145,261.47553202608196,61.61002989649863,178.45414740797662,152.28621112059682,163.79409037648512,94.59808269913438,51.06917923508357,49.384335236925835,28.5944153307169,264.33920519672085,255.43699298500863,246.37970266439223,184.70687593070184,40.0,165.44702592936505,174.53828072760808,True,False,True,False,False,28.0
92,90,327.7203284802666,274.59484639442314,502.42287643562145,265.4449488736177,61.73655904301018,178.45414740797662,235.81216292125998,163.79409037648512,99.87607173259474,53.56557725774159,49.384335236925835,22.408019757054877,264.33920519672085,270.62486530986706,246.37970266439223,187.96947074920203,40.0,165.44702592936505,173.8861119475319,True,False,False,False,False,28.0
93,91,327.7203284802666,272.2885815442228,502.42287643562145,1142.5987294220492,61.82942676036624,178.45414740797662,238.473374767875,163.79409037648512,63.04433531674812,56.001245426389254,49.384335236925835,23.311293649790485,264.33920519672085,280.3239255279358,246.37970266439223,193.93954579989295,40.0,165.44702592936505,168.9641242896886,False,False,True,False,True,28.0
94,92,327.7203284802666,273.8464211949911,502.42287643562145,1144.1751793684161,61.76669631882088,178.45414740797662,247.20408214222718,163.79409037648512,66.33666176226542,55.783525180088475,49.384335236925835,21.613568898870344,264.33920519672085,293.2921503877665,246.37970266439223,198.96792041899565,40.0,165.44702592936505,174.25954160363364,True,True,True,False,True,29.74929729127878
95,93,327.7203284802666,274.9865728501436,502.42287643562145,968.1753932836759,61.72078516440835,178.45414740797662,249.91995515789813,163.79409037648512,509.27610339951775,50.0,49.384335236925835,32.095299474800335,264.33920519672085,305.63783977017994,246.37970266439223,368.7701327020637,40.0,165.44702592936505,647.5701709966424,True,True,True,False,True,34.292055352918375
96,94,327.7203284802666,266.5181172092757,502.42287643562145,965.512796927153,62.06178942713651,178.45414740797662,248.37694991889143,163.79409037648512,506.6499973769393,50.0,49.384335236925835,28.659074976671512,264.33920519672085,313.16239588452095,246.37970266439223,361.71938680603887,40.0,165.44702592936505,640.6563282532777,True,True,True,False,True,34.22569742028625
97,95,327.7203284802666,274.62446846239317,502.42287643562145,1143.1311007458262,61.735366233851465,178.45414740797662,249.0055017185187,163.79409037648512,91.13285934693167,54.14376243638886,49.384335236925835,23.78054358688514,264.33920519672085,317.884285111807,246.37970266439223,237.66908623880298,40.0,165.44702592936505,139.44396988974123,False,True,True,False,True,29.415143124327773
98,96,327.7203284802666,226.39161809420855,502.42287643562145,1070.9065900873622,63.67758666654833,178.45414740797662,212.41984685082036,163.79409037648512,61.94948626479102,56.0736473613732,49.384335236925835,12.1452530123602,264.33920519672085,326.1788497169091,246.37970266439223,97.4013582449348,40.0,165.44702592936505,229.04349856271315,True,True,True,False,True,30.275104756121763
99,97,327.7203284802666,277.26139173785447,502.42287643562145,967.9438107707169,61.62918370003975,178.45414740797662,209.7677107358171,163.79409037648512,183.30520962661802,50.0,49.384335236925835,10.154655195065319,264.33920519672085,336.8521299577799,246.37970266439223,137.849719124921,40.0,165.44702592936505,274.19040236965793,True,True,False,False,True,30.708417359918727
100,98,327.7203284802666,1024.6529531372594,502.42287643562145,1084.1786989700386,60.0,178.45414740797662,206.9893087431091,163.79409037648512,70.9219442946789,55.48030225890003,49.384335236925835,12.100063081276167,264.33920519672085,344.2457921958605,246.37970266439223,109.92206133974506,40.0,165.44702592936505,234.42977855437977,True,True,False,False,True,30.326801391132413
101,99,327.7203284802666,1035.0901984354396,502.42287643562145,1083.3034854709047,60.0,178.45414740797662,194.62345376426416,163.79409037648512,56.875893640199926,56.40916203591581,49.384335236925835,12.194404800118281,264.33920519672085,336.6900925897477,246.37970266439223,111.09764273367011,40.0,165.44702592936505,225.61179641755345,True,True,True,False,True,30.242167839819963
102,100,327.7203284802666,1043.4838077783404,502.42287643562145,1090.0006888517914,60.0,178.45414740797662,202.65335514970238,163.79409037648512,69.70295834370964,55.56091331794115,49.384335236925835,9.670149366656847,264.33920519672085,337.78797338950176,246.37970266439223,106.21213325499009,40.0,165.44702592936505,231.649209196837,True,True,False,False,True,30.30011394090311
103,101,327.7203284802666,1045.448822163707,502.42287643562145,1067.8740363456752,60.0,178.45414740797662,291.1211222069149,163.79409037648512,320.3786033394244,50.0,49.384335236925835,12.478392396986099,264.33920519672085,328.96667023676963,246.37970266439223,356.5547179721325,40.0,165.44702592936505,42.22892532780842,False,False,False,False,True,28.0
104,102,327.7203284802666,1056.4919422188054,502.42287643562145,1069.8440803584733,60.0,178.45414740797662,186.17758757325134,163.79409037648512,247.65499623798564,50.0,49.384335236925835,8.351823691151678,264.33920519672085,315.070070066814,246.37970266439223,356.6694040400069,40.0,165.44702592936505,60.087700370120054,False,False,False,False,True,28.0
105,103,327.7203284802666,533.7074694623404,502.42287643562145,1131.009589736272,60.0,178.45414740797662,765.2841157313509,163.79409037648512,484.69012654349103,50.0,49.384335236925835,16.368024455358707,264.33920519672085,678.8512620775884,246.37970266439223,300.5543061422378,40.0,165.44702592936505,506.7750598108156,True,True,True,False,True,32.940726887721844
106,104,327.7203284802666,302.52375553667235,502.42287643562145,12.957200716044229,60.6119293023886,178.45414740797662,1070.8937279436668,163.79409037648512,68.42792682306293,55.64523064834877,49.384335236925835,14.250541521128856,264.33920519672085,381.0527464654327,246.37970266439223,1095.9773404684138,40.0,165.44702592936505,1033.9014681626677,True,True,False,False,True,38.0
107,105,327.7203284802666,289.7621953373824,502.42287643562145,1097.447981822441,61.12580652056979,178.45414740797662,305.97473033636015,163.79409037648512,1121.5577331186562,50.0,49.384335236925835,11.409751387646935,264.33920519672085,372.57765802880755,246.37970266439223,325.5645529318151,40.0,165.44702592936505,68.14120725899336,False,False,True,False,True,28.0
108,106,327.7203284802666,1000.7331023253008,502.42287643562145,1096.5613062129528,60.0,178.45414740797662,1077.2586147362354,163.79409037648512,1119.6166678488346,50.0,49.384335236925835,1078.9544186349142,264.33920519672085,368.0944277339481,246.37970266439223,315.78402210175443,40.0,165.44702592936505,70.1370119097933,False,False,False,False,True,28.0
109,107,327.7203284802666,292.88246610410886,502.42287643562145,1097.1140890888003,61.00016075026134,178.45414740797662,1081.1366932563437,163.79409037648512,1121.0404765310204,50.0,49.384335236925835,5.204947405631288,264.33920519672085,298.39931694582157,246.37970266439223,257.67622951077874,40.0,165.44702592936505,65.55022252847024,False,False,False,True,True,28.0
110,108,327.7203284802666,1031.2177798861715,502.42287643562145,1092.0822185628413,60.0,178.45414740797662,1106.7901687831302,163.79409037648512,1120.2356777369434,50.0,49.384335236925835,1013.7565464109496,264.33920519672085,1027.169787341181,246.37970266439223,1036.3782434870448,40.0,165.44702592936505,17.34340134044167,False,False,False,False,True,28.0
111,109,327.7203284802666,276.1548630709359,502.42287643562145,1161.224318463842,61.67374093789422,178.45414740797662,273.06289040516083,163.79409037648512,1190.0791506560702,50.0,49.384335236925835,1026.9028564198568,264.33920519672085,276.7169597839247,246.37970266439223,239.57612279482078,40.0,165.44702592936505,116.81317049954333,False,False,True,True,True,29.19793641062474
112,110,327.7203284802666,1026.827905588644,502.42287643562145,1164.9006340475194,60.0,178.45414740797662,272.12961681421183,163.79409037648512,1099.5464447452428,50.0,49.384335236925835,55.22363537198702,264.33920519672085,1114.0905199714334,246.37970266439223,1202.0688400678205,40.0,165.44702592936505,126.31802711544343,False,False,True,False,True,28.0
113,111,327.7203284802666,1027.07362040775,502.42287643562145,1141.996772037446,60.0,178.45414740797662,269.66878808585494,163.79409037648512,1077.845816361157,50.0,49.384335236925835,132.38694688413733,264.33920519672085,1114.013404280229,246.37970266439223,1177.8153987364162,40.0,165.44702592936505,97.69420912256612,False,False,True,False,True,28.0
114,112,327.7203284802666,1028.914011087426,502.42287643562145,1146.0850624250832,60.0,178.45414740797662,270.66101391345853,163.79409037648512,1085.383863255786,50.0,49.384335236925835,5.660066440999436,264.33920519672085,1115.0223584247653,246.37970266439223,1184.7039257859542,40.0,165.44702592936505,108.22443470361854,False,False,True,False,True,28.0
