scorer,DeepCut_resnet50_ease_dog_emotions_1Mar13shuffle1_34000,DeepCut_resnet50_ease_dog_emotions_1Mar13shuffle1_34000,DeepCut_resnet50_ease_dog_emotions_1Mar13shuffle1_34000,DeepCut_resnet50_ease_dog_emotions_1Mar13shuffle1_34000,DeepCut_resnet50_ease_dog_emotions_1Mar13shuffle1_34000,DeepCut_resnet50_ease_dog_emotions_1Mar13shuffle1_34000,DeepCut_resnet50_ease_dog_emotions_1Mar13shuffle1_34000,DeepCut_resnet50_ease_dog_emotions_1Mar13shuffle1_34000,DeepCut_resnet50_ease_dog_emotions_1Mar13shuffle1_34000,DeepCut_resnet50_ease_dog_emotions_1Mar13shuffle1_34000,DeepCut_resnet50_ease_dog_emotions_1Mar13shuffle1_34000,DeepCut_resnet50_ease_dog_emotions_1Mar13shuffle1_34000,DeepCut_resnet50_ease_dog_emotions_1Mar13shuffle1_34000,DeepCut_resnet50_ease_dog_emotions_1Mar13shuffle1_34000,DeepCut_resnet50_ease_dog_emotions_1Mar13shuffle1_34000,DeepCut_resnet50_ease_dog_emotions_1Mar13shuffle1_34000,DeepCut_resnet50_ease_dog_emotions_1Mar13shuffle1_34000,DeepCut_resnet50_ease_dog_emotions_1Mar13shuffle1_34000,DeepCut_resnet50_ease_dog_emotions_1Mar13shuffle1_34000,DeepCut_resnet50_ease_dog_emotions_1Mar13shuffle1_34000,DeepCut_resnet50_ease_dog_emotions_1Mar13shuffle1_34000,DeepCut_resnet50_ease_dog_emotions_1Mar13shuffle1_34000,DeepCut_resnet50_ease_dog_emotions_1Mar13shuffle1_34000,DeepCut_resnet50_ease_dog_emotions_1Mar13shuffle1_34000,DeepCut_resnet50_ease_dog_emotions_1Mar13shuffle1_34000,DeepCut_resnet50_ease_dog_emotions_1Mar13shuffle1_34000,DeepCut_resnet50_ease_dog_emotions_1Mar13shuffle1_34000,DeepCut_resnet50_ease_dog_emotions_1Mar13shuffle1_34000,DeepCut_resnet50_ease_dog_emotions_1Mar13shuffle1_34000,DeepCut_resnet50_ease_dog_emotions_1Mar13shuffle1_34000
bodyparts,mouth_corner_left,mouth_corner_left,mouth_corner_left,mouth_corner_right,mouth_corner_right,mouth_corner_right,inner_brow_left,inner_brow_left,inner_brow_left,inner_brow_right,inner_brow_right,inner_brow_right,upper_lip,upper_lip,upper_lip,lower_lip,lower_lip,lower_lip,nose_corner_left,nose_corner_left,nose_corner_left,nose_corner_right,nose_corner_right,nose_corner_right,pinna_ear_left,pinna_ear_left,pinna_ear_left,pinna_ear_right,pinna_ear_right,pinna_ear_right
coords,x,y,likelihood,x,y,likelihood,x,y,likelihood,x,y,likelihood,x,y,likelihood,x,y,likelihood,x,y,likelihood,x,y,likelihood,x,y,likelihood,x,y,likelihood
0,496.8945014476776,311.29337096214294,0.33164456486701965,1223.708151102066,996.7189399600029,0.243571937084198,443.3763155937195,133.9227843284607,0.8969283103942871,449.51535749435425,137.72795629501343,0.3748270273208618,382.3158915042877,321.151442527771,0.9539171457290649,385.91562056541443,330.42491602897644,0.997579038143158,375.55666613578796,262.55891609191895,0.9932583570480347,336.02158308029175,259.4142264723778,0.9989217519760132,588.5914131999016,73.71926069259644,0.8826233148574829,577.3572170734406,71.87592267990112,0.14588923752307892
1,497.3373329639435,311.3064429759979,0.15000784397125244,1223.5816628932953,996.6178938150406,0.21048323810100555,444.14883518218994,134.27420806884766,0.8785753846168518,417.5345718860626,165.09539365768433,0.46929097175598145,382.1812047958374,319.72198581695557,0.9360888600349426,386.7674231529236,329.95925116539,0.9976426959037781,374.25473737716675,262.95986700057983,0.9917221665382385,336.42928194999695,258.8090959787369,0.9985853433609009,591.1403999328613,73.86895060539246,0.8722898960113525,578.135377407074,71.53495216369629,0.13986073434352875
2,497.9053256511688,310.3220808506012,0.2555070221424103,1222.3287107944489,995.9181631878018,0.31278595328330994,444.14076042175293,133.13912391662598,0.8666160702705383,417.9489369392395,164.6799120903015,0.5096673965454102,382.3246145248413,317.6744021177292,0.9658184051513672,387.3985216021538,329.8036606311798,0.9976352453231812,374.51186180114746,262.29361867904663,0.9901052117347717,336.255398273468,258.44657492637634,0.9985867738723755,589.8918989896774,70.4354133605957,0.8244660496711731,578.0113179683685,70.63177633285522,0.14286448061466217
3,499.9180456921458,310.91144609451294,0.37053149938583374,1223.5037696361542,996.4154776036739,0.16286808252334595,445.39709186553955,135.94667768478394,0.7645694017410278,452.70412826538086,140.92550057172775,0.685448169708252,383.0933427810669,318.9460105895996,0.968834638595581,387.8156780898571,330.8945554494858,0.9979453682899475,375.7640380859375,263.2527756690979,0.9902672171592712,337.90174651145935,260.05464594066143,0.9985532164573669,592.9681057929993,74.71720147132874,0.9089241027832031,579.5990414321423,74.76991534233093,0.08745668828487396
4,501.49568343162537,315.1675213575363,0.18946823477745056,1221.878896355629,996.3511139452457,0.20343205332756042,448.1476526260376,136.55687761306763,0.42717522382736206,417.46321177482605,167.87869215011597,0.5505605936050415,384.0729568004608,317.44025099277496,0.9552872776985168,389.59531021118164,329.92791056632996,0.9960256814956665,380.7885691523552,261.7606486082077,0.9970698356628418,340.30997401475906,260.3572846353054,0.9962434768676758,592.1587281227112,73.54603171348572,0.8292037844657898,460.14133973419666,132.98338001966476,0.10521437227725983
5,505.9671585559845,313.01415157318115,0.3415645360946655,1222.0451452732086,996.6397793889046,0.2419424206018448,418.72636890411377,164.4958332479,0.5285460948944092,420.1462418138981,168.1703188419342,0.4756532907485962,386.32153820991516,317.6003476381302,0.9447323083877563,394.48930633068085,329.3537278175354,0.9916414022445679,393.31272292137146,262.82900047302246,0.9927500486373901,356.21023528277874,261.7359800338745,0.9985839128494263,595.2481214404106,75.4410411119461,0.8079249262809753,461.4545956850052,133.50322473049164,0.17178595066070557
6,514.6019134521484,313.74425625801086,0.3819107115268707,1221.7436583042145,996.549837231636,0.19568631052970886,423.0986819267273,151.72656154632568,0.12270190566778183,469.7446759939194,137.3870153427124,0.34397265315055847,391.01230239868164,290.2745203971863,0.8926768898963928,401.78924441337585,329.7441189289093,0.9902186989784241,405.08220398426056,259.8382177948952,0.9886616468429565,364.8155012726784,259.59628054499626,0.9989773035049438,601.8549964427948,72.95012307167053,0.8311392068862915,472.27928590774536,137.84630513191223,0.1289539337158203
7,520.5200057029724,310.523086309433,0.30551108717918396,1222.4714858531952,996.6021875739098,0.31789663434028625,426.3565580844879,151.4254412651062,0.37444114685058594,478.33797788619995,138.59083998203278,0.9591800570487976,402.0351713895798,291.0466547012329,0.9359909296035767,406.8351104259491,327.13020491600037,0.9946568012237549,417.54105615615845,257.36340618133545,0.9940018057823181,376.6688017845154,256.9066843986511,0.9991112351417542,608.8495020866394,72.84103059768677,0.9839720726013184,524.7368578314781,70.80903482437134,0.32176557183265686
8,525.351445555687,309.70875906944275,0.7157076001167297,1220.8045126795769,996.4462921023369,0.1896974891424179,434.44541597366333,146.8694291114807,0.9086981415748596,483.2007747888565,137.96106243133545,0.9680132269859314,412.9060729146004,289.5747857093811,0.8759793639183044,416.2383019924164,325.4584541320801,0.9924182891845703,430.9782989025116,253.86465442180634,0.9889842867851257,385.8718857765198,254.30891513824463,0.9987868666648865,607.1082901954651,72.4508740901947,0.9085696935653687,524.1394231915474,70.38314747810364,0.455629825592041
9,531.4893972873688,308.65097165107727,0.5296943783760071,1220.7014473080635,996.4630449712276,0.19278497993946075,440.4707589149475,141.44026803970337,0.7134014368057251,496.4672055244446,136.48002529144287,0.9049525856971741,422.7805426120758,311.23920154571533,0.9402006268501282,428.28690057992935,326.3769474029541,0.9915408492088318,442.7971030473709,248.3057541847229,0.9937199354171753,394.1454232931137,253.37428104877472,0.9986976385116577,655.3219790458679,68.97003638744354,0.7844730019569397,527.4487411975861,70.56212067604065,0.7482048869132996
10,540.4063610434532,306.2957190275192,0.6942862272262573,1220.5527873039246,996.1877128332853,0.2210308462381363,447.2771954536438,140.5656796693802,0.934813916683197,496.92542028427124,133.99016976356506,0.7435848116874695,432.453093290329,289.9006757736206,0.9478428363800049,438.8124966621399,327.0274622440338,0.9965253472328186,453.9854909181595,246.2691993713379,0.9977748990058899,408.04283905029297,251.17812258005142,0.999397873878479,638.862154006958,68.96242302656174,0.8759528398513794,527.1462161540985,70.0112202167511,0.6694542169570923
11,550.2385885715485,307.27023762464523,0.5371735095977783,1221.4278692007065,995.6853926181793,0.1795799285173416,451.49722588062286,143.91062545776367,0.9535292983055115,450.96150946617126,149.65315341949463,0.6752316355705261,450.6916197538376,300.73579400777817,0.8699226975440979,450.15309250354767,329.3477153778076,0.9937048554420471,465.1651420593262,246.66987252235413,0.9958744645118713,420.61400616168976,250.39939177036285,0.9994111061096191,637.1101756095886,70.1268994808197,0.9771884679794312,533.2543843984604,73.06988096237183,0.8969494700431824
12,513.6398975849152,197.35195136070251,0.32670411467552185,1221.4655576944351,995.8616506010294,0.1792265921831131,524.6193261742592,137.9184103012085,0.8399044871330261,518.7374184131622,135.689603805542,0.5837575793266296,462.4231581687927,306.54112362861633,0.9542068243026733,464.2743465900421,330.06677889823914,0.9920065999031067,480.617582321167,246.77275347709656,0.9908899664878845,433.69742941856384,251.3858991265297,0.9991934895515442,642.2867351770401,70.265784740448,0.9685114622116089,535.8423705101013,71.87087965011597,0.8169826865196228
13,568.6057925224304,308.9889178276062,0.4014134407043457,455.44231939315796,322.98497092723846,0.31941285729408264,533.4449297189713,140.0258096102625,0.9077754020690918,470.3128423690796,133.98535251617432,0.8133163452148438,476.06292686611414,296.6784381866455,0.9566657543182373,481.1810073852539,329.0577483177185,0.9883952140808105,497.950147151947,244.47407200932503,0.9913339018821716,447.5282664299011,248.30861163139343,0.9958708882331848,650.9334381818771,66.87660896778107,0.9839349389076233,533.5746150016785,70.59359526634216,0.7212902903556824
14,582.1241412162781,307.91074492037296,0.5867133736610413,466.15063416957855,322.0868639945984,0.6779283285140991,546.5923277139664,140.1436687707901,0.9074856638908386,481.1812973022461,130.60958218574524,0.4333350360393524,489.7476615905762,299.24631690979004,0.9552121162414551,497.2310085296631,328.75363087654114,0.974501371383667,513.60649061203,245.19607949256897,0.9943349957466125,462.8214068412781,247.87004280090332,0.9950975775718689,647.4913845062256,69.64599478244781,0.9747474193572998,469.7558628320694,110.14418435096741,0.8568835258483887
15,591.150954246521,302.8938202857971,0.6761147975921631,481.1445999145508,321.9669966697693,0.8140990138053894,563.993726467248,137.50534677505493,0.8041487336158752,491.9702917058021,130.57207369804382,0.7427322268486023,501.8735866546631,296.4561743736267,0.9851989150047302,507.0159085392952,323.0820807814598,0.9879481196403503,526.6144888401031,243.4177412390709,0.9960707426071167,473.8786725997925,250.2636090517044,0.9978651404380798,661.507933974266,66.90311169624329,0.8133981227874756,472.69458055496216,106.6184778213501,0.9380279779434204
16,604.5119121670723,294.2524616718292,0.909649133682251,484.246484041214,319.27878618240356,0.9628108739852905,572.7460407018661,134.1390826702118,0.6778736114501953,504.6221914291382,130.57732009887695,0.8894160985946655,515.6260428726673,293.98537623882294,0.9875580072402954,516.5350162982941,321.17700958251953,0.9870415925979614,540.54371124506,240.63277316093445,0.9931977987289429,487.80258321762085,249.62480449676514,0.9990739822387695,675.0496433973312,63.6433789730072,0.9144082069396973,473.8306517601013,104.50963234901428,0.8503539562225342
17,613.6571053266525,293.04958724975586,0.8490710258483887,490.5281707048416,315.10855877399445,0.9835143089294434,581.068556189537,133.94968819618225,0.9228293895721436,510.0488679409027,129.17904686927795,0.9405616521835327,523.9701433498412,290.4626786708832,0.995154619216919,525.9624534845352,315.75555439293385,0.9822694659233093,549.1424362659454,240.98863863945007,0.9918031096458435,495.1664113998413,246.2350618839264,0.9989977478981018,601.2743511199951,65.25767064094543,0.7516593933105469,482.76778292655945,102.25384092330933,0.8447396159172058
18,620.3870248496532,290.3500323295593,0.863393247127533,500.0796179920435,310.14126896858215,0.9761605262756348,588.5837315320969,130.50471675395966,0.7960214018821716,516.7017503976822,124.95274603366852,0.9785984754562378,535.8031642436981,289.36665296554565,0.9959432482719421,537.5425224304199,315.4117832183838,0.974480152130127,559.6413390636444,239.1724500656128,0.9928227066993713,504.8640396595001,243.39217364788055,0.9995942711830139,602.6885145902634,61.5634925365448,0.9269061088562012,485.88093173503876,98.48409879207611,0.8089118003845215
19,627.5216312408447,290.96745789051056,0.8635530471801758,508.9091993570328,306.82718431949615,0.7579761147499084,597.3029156923294,131.43653863668442,0.9108616709709167,523.2243031263351,125.47261893749237,0.9646939039230347,548.0157485064119,289.7028305530548,0.9971093535423279,550.0065011978149,313.78007555007935,0.9888195395469666,571.7861457318068,238.04564714431763,0.9874184131622314,514.3804547786713,241.07770371437073,0.9997504353523254,687.2226061820984,65.91206407546997,0.9280016422271729,531.6711727082729,69.60988926887512,0.718127965927124
20,633.6413066387177,287.42181158065796,0.8489733338356018,516.7861480712891,302.24505519866943,0.8189207911491394,604.8337898254395,127.74603319168091,0.7587506175041199,531.9872549176216,123.33391869068146,0.9301250576972961,555.482478916645,286.2991862297058,0.9965142607688904,559.4751052856445,312.8893880844116,0.9832262396812439,581.1128956079483,234.6849309206009,0.9810463190078735,523.4145587682724,238.59206438064575,0.9996170997619629,691.8710688501596,66.15472912788391,0.9056939482688904,532.8560745120049,69.77573430538177,0.9376883506774902
21,643.2653200626373,287.1466574668884,0.8442189693450928,522.4433174133301,302.84019660949707,0.8611921072006226,612.3242087364197,128.71625113487244,0.8236877918243408,536.7501268386841,124.55863797664642,0.9046616554260254,563.5321061611176,289.49048113822937,0.9963196516036987,566.8463068008423,312.89796447753906,0.9882878661155701,589.3329161405563,235.59525829553604,0.9727231860160828,532.3347723484039,240.10337591171265,0.9991069436073303,693.5579047203064,66.8517655134201,0.782505214214325,532.6606031656265,72.58074998855591,0.9632829427719116
22,645.8431793451309,290.6717563867569,0.9140867590904236,526.6085402965546,303.8714747428894,0.9584352970123291,617.247878074646,128.41784739494324,0.6888788938522339,537.4361352920532,124.94759690761566,0.9087908267974854,570.0081148147583,288.926992893219,0.9959881901741028,571.3218206167221,314.62096643447876,0.9883792400360107,595.0519879460335,233.9024510383606,0.960884690284729,537.4757311344147,239.34765815734863,0.999177873134613,694.1649007797241,65.99859499931335,0.9288424849510193,536.9150614738464,70.07153582572937,0.9265661239624023
23,649.6874015331268,283.5844862163067,0.8401166200637817,533.3588485717773,303.01057720184326,0.982421338558197,622.2464270591736,128.38975429534912,0.7475395798683167,544.2475736141205,124.54918700456619,0.920830249786377,574.7170159816742,286.6631898880005,0.9959927201271057,576.6445972919464,313.444589138031,0.9892446994781494,603.9817813765258,237.97856903076172,0.9476690292358398,544.6628217697144,239.65216541290283,0.9989421963691711,705.5620520114899,63.35579037666321,0.9486850500106812,540.8346782922745,68.2836287021637,0.9323858022689819
24,651.555928081274,288.44468355178833,0.9272488355636597,538.3595436811447,303.50192165374756,0.9455469846725464,626.507936000824,129.1614727973938,0.744472861289978,546.5433093309402,126.36286282539368,0.847970187664032,580.3447573184967,289.360591173172,0.9971091151237488,582.3930094242096,313.49517583847046,0.9906460046768188,607.1837947368622,236.2936459183693,0.9583473801612854,549.2460089921951,241.58750796318054,0.9994845390319824,708.5504838228226,63.14387512207031,0.8971852660179138,543.5255010128021,67.32518184185028,0.896051287651062
25,657.4305396080017,286.5386447906494,0.6680979132652283,543.5680487155914,304.1248211860657,0.9682813882827759,629.1347345113754,130.70386445522308,0.8381086587905884,551.1367080211639,125.44714725017548,0.8857097029685974,584.8784704208374,290.74930357933044,0.997533917427063,585.4947361946106,314.765016078949,0.9910858273506165,609.2496101856232,240.11986351013184,0.9853962063789368,553.1511611938477,243.51095613837242,0.9985677003860474,708.7952939271927,63.47024202346802,0.9429661631584167,548.7328162193298,67.68479633331299,0.9210330843925476
26,653.2773447036743,292.5790601968765,0.6801506876945496,544.7767729759216,304.49384331703186,0.9735720157623291,630.6465730667114,130.1977800130844,0.7674267888069153,552.9011936187744,125.75316500663757,0.8547236323356628,584.0273139476776,290.37409341335297,0.9972432851791382,586.7047634124756,313.7526433467865,0.9931321740150452,610.9744383096695,240.85752153396606,0.9930703043937683,553.0597856044769,243.20466899871826,0.998773992061615,706.8704447746277,63.73885703086853,0.884326696395874,550.5790615081787,66.77380990982056,0.9443660378456116
27,651.5591235458851,293.85506415367126,0.706814706325531,546.97261095047,305.9124081134796,0.9743934869766235,631.3837940692902,129.88572931289673,0.7950844168663025,553.0522923469543,126.91413164138794,0.8001312613487244,586.1894292831421,290.4877676963806,0.9982774257659912,588.2169091850519,315.1942687034607,0.9924649000167847,612.7970483899117,240.61466264724731,0.9926786422729492,554.5604795217514,242.69127488136292,0.9993789196014404,707.6895311772823,61.06695353984833,0.9486430883407593,548.6464996337891,68.11612422019243,0.8138014674186707
28,653.5315676927567,293.8488447666168,0.7244979739189148,546.5533905029297,305.48677277565,0.9729064702987671,633.0077776908875,129.73736453056335,0.7443900108337402,554.0921438932419,125.289710521698,0.8009198904037476,588.0549190565944,289.46679639816284,0.9978602528572083,590.6126883029938,313.9535231590271,0.988594651222229,615.4132266044617,238.0638234615326,0.9794743061065674,556.0892171859741,241.75270533561707,0.9994723200798035,695.3650164604187,60.02642708271742,0.9538396000862122,542.1308839321136,67.16037052869797,0.6545579433441162
29,659.0073044300079,292.5123929977417,0.7049914002418518,550.5325148105621,304.8621563911438,0.9761992692947388,636.2503185868263,130.2251831293106,0.8587061762809753,557.7850087881088,125.15815830230713,0.7584515810012817,590.8235790729523,289.24752283096313,0.9977255463600159,591.3903918266296,312.35712480545044,0.990288496017456,620.0360536165535,240.01624846458435,0.9932536482810974,561.3746647834778,242.1175127029419,0.999416708946228,700.2185142934322,57.21706581115723,0.9789372086524963,534.2923619747162,69.21858251094818,0.9563425183296204
30,657.0842542648315,292.97609478235245,0.5643272995948792,553.2961339950562,304.8720395565033,0.9916757345199585,639.6306321620941,131.94127238541842,0.8575174808502197,558.6740458011627,127.87435388565063,0.7372040748596191,592.1518063545227,291.0072085261345,0.9974724650382996,592.6417925357819,313.1830539703369,0.9923055768013,621.2025686502457,240.7603223323822,0.9951300621032715,563.0619690418243,243.0169091820717,0.9995602965354919,702.1619176864624,53.79809236526489,0.9774456024169922,533.2089138031006,68.16581058502197,0.9884858131408691
31,657.0425062179565,294.54001021385193,0.7333564162254333,555.8120059967041,304.0658469200134,0.9900375604629517,641.9121775627136,132.94336211681366,0.7619650959968567,562.9394851922989,127.4521279335022,0.834652841091156,593.5372393131256,295.1340479850769,0.9969659447669983,593.3046274185181,314.407555103302,0.992452085018158,623.8327832221985,241.46133279800415,0.9872236251831055,565.6835210323334,244.22680178284645,0.9992438554763794,704.8743441104889,54.174519062042236,0.9892486333847046,534.6583197116852,67.99451900925487,0.987852931022644
32,656.9474673271179,299.0620658993721,0.9364792108535767,557.0076600313187,303.83986616134644,0.9899460673332214,643.0689090490341,132.88789021968842,0.8261578679084778,567.5744047164917,126.11882710456848,0.8297303915023804,596.9861325025558,295.9582622051239,0.9976425766944885,597.0544617176056,314.30981731414795,0.9902770519256592,624.6200978755951,243.68714767694473,0.9907246232032776,567.1893124580383,245.6114137172699,0.9982376098632812,705.151065826416,55.18712043762207,0.9934884309768677,535.5576014518738,67.28793394565582,0.9885304570198059
33,659.7973260134459,299.37789595127106,0.7921812534332275,556.4974827170372,302.3132448196411,0.9848531484603882,643.1993549466133,132.88572126626968,0.9136480093002319,567.8559992313385,125.63028621673584,0.9046535491943359,597.3400832414627,295.05494379997253,0.9981498718261719,596.5354939699173,313.29085206985474,0.9944387674331665,626.7024537324905,242.44172620773315,0.992982029914856,569.4307971000671,245.17074024677277,0.9970563650131226,708.4942057430744,54.45931959152222,0.9934247732162476,536.1707692146301,65.67470860481262,0.9505147337913513
34,662.5056941509247,298.19660782814026,0.8484264612197876,559.412358045578,305.852903842926,0.9873691201210022,646.7744836807251,132.7019637823105,0.8974209427833557,572.0273930728436,127.0016713142395,0.8788512349128723,601.0843024253845,291.4497838616371,0.9981800317764282,601.5212209224701,313.34261989593506,0.9924061894416809,630.9169960021973,240.859228849411,0.9852575659751892,571.3518530726433,243.99032688885927,0.9987013339996338,706.9725527763367,56.09394454956055,0.9953805208206177,544.7563729286194,66.0262496471405,0.9661059379577637
35,664.0567202568054,298.19635784626007,0.8765180110931396,560.2528185844421,305.44522619247437,0.9789304733276367,650.5747245550156,131.1765052676201,0.8202514052391052,573.4388872385025,123.37554103136063,0.9246417284011841,604.7519372105598,289.797390460968,0.9983031749725342,604.090699441731,311.8877909183502,0.9935042262077332,636.2860272228718,240.46378445625305,0.9946925044059753,576.5963616371155,241.5512616634369,0.9985606074333191,709.7273522615433,54.44883370399475,0.9890003204345703,547.3496446013451,62.90855646133423,0.9641647338867188
36,663.9832711219788,300.09530948102474,0.8408092856407166,565.3246784210205,303.89908361434937,0.9863408803939819,654.1235966682434,131.32362645864487,0.8635781407356262,575.6682670116425,123.63945457339287,0.8556345105171204,607.9825518131256,289.0020401477814,0.9952131509780884,606.659095287323,309.1123230457306,0.9884918928146362,638.5301742553711,239.69457244873047,0.9868139028549194,580.0579993128777,241.6343605518341,0.9979594945907593,708.027406860143,53.62881553173065,0.9866101145744324,548.1702561378479,60.50449562072754,0.9729335904121399
37,668.1479251682758,298.6331949234009,0.9001639485359192,568.49147772789,303.3177080154419,0.9880465269088745,655.9388105869293,131.59055688977242,0.8553722500801086,578.773640871048,123.90062491595745,0.928519606590271,610.5104423761368,291.7417058944702,0.9962877035140991,609.1376547813416,309.25223791599274,0.9925701022148132,639.0362114906311,240.87969255447388,0.9914003610610962,582.5544788837433,242.32544589042664,0.997581958770752,708.1694149374962,53.65563380718231,0.9847217202186584,548.178909316659,60.52263706922531,0.982675313949585
38,671.2662136554718,297.9025845527649,0.9019301533699036,569.7168543338776,300.3617399632931,0.9890196919441223,658.6348270177841,130.14589262008667,0.870180070400238,580.4548989832401,122.24676954746246,0.943477988243103,613.6487715244293,290.41355419158936,0.9972386360168457,611.4322624802589,310.0131461620331,0.9928702712059021,641.6054012775421,239.61853218078613,0.9897789359092712,583.6190161705017,241.7826554775238,0.9941474199295044,706.5883123874664,51.91199196130037,0.9742831587791443,549.9379361867905,56.56875467300415,0.9846035838127136
39,672.4236149787903,298.4227639436722,0.8797409534454346,571.9973514743615,301.64349234104156,0.9899803996086121,659.3522411584854,131.3539046049118,0.8893671631813049,581.980193734169,123.36457467079163,0.9220589995384216,616.3336229324341,291.24595832824707,0.9971643090248108,613.2364048957825,310.57942938804626,0.9903712868690491,645.6346211433411,237.83300936222076,0.9893695116043091,586.3168014287949,243.02877473831177,0.9974362254142761,707.5649271905422,53.77759397029877,0.9669265747070312,552.555980682373,56.49171590805054,0.9869503378868103
40,675.4263427257538,300.11742509901524,0.9727794528007507,574.2921524047852,301.7431643009186,0.9825040698051453,660.8616673946381,132.18789511919022,0.8502969741821289,582.9294755458832,123.57849970459938,0.9239777326583862,617.925190448761,290.7502706050873,0.9970477223396301,615.1215274333954,312.33577966690063,0.9814079403877258,649.2208986282349,239.84093523025513,0.98536217212677,589.4967679977417,242.6295450925827,0.9978681802749634,707.4096156954765,53.88990795612335,0.940571129322052,552.9282393455505,55.35977506637573,0.9820280075073242
41,677.1863193511963,301.64890563488007,0.9804391264915466,576.3258211612701,302.9795970916748,0.934792697429657,661.7424312829971,132.58795535564423,0.8900601863861084,583.5672662258148,128.59214305877686,0.9545708298683167,619.9489057324827,290.3195996284485,0.9972018003463745,619.2250097990036,312.35048818588257,0.9821995496749878,651.8181169182062,240.0650589466095,0.9950975775718689,592.9328110218048,241.05675792694092,0.9972754120826721,732.0365352630615,53.70694315433502,0.9386456608772278,555.8810782209039,56.53825902938843,0.9676668643951416
42,678.4387798309326,301.9380179643631,0.9900417327880859,579.1532676815987,303.01361298561096,0.932846188545227,663.5043132305145,135.01218509674072,0.8638850450515747,582.8837954998016,131.46401566267014,0.9083903431892395,622.1216683387756,289.7714464664459,0.9970665574073792,620.8380159139633,311.28262400627136,0.9855038523674011,653.1202919483185,240.1999318599701,0.9951465725898743,594.5246641635895,241.42180061340332,0.9979745745658875,731.6682939529419,53.747605204582214,0.9557110071182251,556.1054437607527,56.34840416908264,0.9600980281829834
43,679.5718524456024,302.5443482398987,0.9843230843544006,581.0661306381226,302.9369819164276,0.9647319912910461,663.9218218326569,133.44948136806488,0.9005534052848816,584.9534239768982,131.87560241669416,0.9468320608139038,623.3511915206909,288.46679878234863,0.9962143301963806,621.8285346031189,309.59510016441345,0.9811239838600159,654.5569403171539,239.0153956413269,0.9891718029975891,596.2077068835497,241.3466248512268,0.9978131055831909,714.2931886911392,52.090841852128506,0.960090160369873,557.2362954616547,55.88805913925171,0.9503356218338013
44,680.294008731842,301.95496332645416,0.9846551418304443,583.7003846168518,302.736665725708,0.9619090557098389,666.8597029447556,132.61857849359512,0.7373151183128357,586.0052143335342,130.68933176994324,0.9314002394676208,624.5878081321716,288.1859073638916,0.9948450326919556,624.6258809566498,308.95229107141495,0.9849918484687805,655.1300206184387,239.26186752319336,0.9840784072875977,596.7240442633629,241.2268226146698,0.9979925155639648,730.7767553329468,53.504852652549744,0.9773411750793457,557.3671178817749,56.98229098320007,0.9638672471046448
45,680.1426801681519,301.7633479833603,0.9769087433815002,584.9333610534668,302.46266770362854,0.9543678164482117,666.9521037340164,132.1513947993517,0.8604823350906372,587.6055262982845,129.25991988182068,0.9158526659011841,625.7790751457214,290.2538630962372,0.9953586459159851,624.2650418281555,308.5392053127289,0.9917407035827637,656.0328750610352,238.11556911468506,0.9740806221961975,597.8550355434418,240.70841598510742,0.9967103004455566,708.8684626221657,51.79846639931202,0.9461673498153687,558.1440632343292,55.399184703826904,0.942439079284668
46,681.4969115257263,299.7375122308731,0.969325065612793,588.1040881574154,302.4342041015625,0.9471029043197632,669.8197536468506,130.4683164358139,0.8295223712921143,589.0730631351471,124.49191683530807,0.8519657254219055,629.1021577119827,289.0626621246338,0.9946922659873962,627.0011582970619,308.0118140662089,0.9867022633552551,657.4638431072235,235.62616553902626,0.9889264106750488,599.3636379241943,237.35159027576447,0.9900397658348083,708.9241392016411,50.327900528907776,0.9621383547782898,559.7771961688995,54.42248821258545,0.8799059391021729
47,684.674306511879,299.6176386773586,0.9622994661331177,591.0282504558563,301.60330522060394,0.9556887745857239,671.4928257465363,131.80965842306614,0.824371874332428,591.9516382217407,124.51084381341934,0.844195544719696,631.8878605365753,290.12216889858246,0.9956766963005066,631.0349681377411,308.8365755677223,0.9710993766784668,660.4088481664658,236.715518116951,0.993866503238678,601.4653952121735,239.16839170455933,0.9927339553833008,715.8055894970894,48.88979482650757,0.9557095766067505,561.7048637866974,54.69007873535156,0.9334530234336853
48,686.8131694793701,298.0619571208954,0.9230921268463135,591.2219166755676,300.5374166369438,0.9594044089317322,671.3597617149353,129.2849199771881,0.8179481625556946,592.9888114929199,123.5273879468441,0.8827846050262451,632.8592414855957,288.9111671447754,0.995043158531189,631.2214026451111,308.6969628930092,0.973663330078125,661.2183734178543,235.38032579421997,0.9956403970718384,601.218906879425,236.61978155374527,0.9958333969116211,708.7993310689926,48.73197531700134,0.970002293586731,562.880094408989,55.69783043861389,0.9467911124229431
49,688.0037002563477,297.8753719329834,0.8814951777458191,591.3774027824402,299.2827153801918,0.9195650219917297,672.8970651626587,129.58456659317017,0.7919104099273682,594.3151210546494,123.22349518537521,0.9202130436897278,635.2322050333023,289.0201048851013,0.9955973029136658,633.2247123718262,307.2553871870041,0.9810568690299988,664.0697541236877,235.92026811093092,0.9932999610900879,603.3169524073601,237.4157497882843,0.9951595664024353,715.4484534263611,48.476722717285156,0.9628287553787231,563.3503791093826,54.603721380233765,0.9728429913520813
50,689.9254779815674,298.27408015727997,0.8707372546195984,592.4501256942749,298.3413795232773,0.921627938747406,674.4228513240814,128.62552785873413,0.713779866695404,592.8715744018555,120.62111902236938,0.8848179578781128,635.6930369138718,288.84632205963135,0.9959600567817688,633.972058057785,307.5232757329941,0.977504551410675,665.0987997055054,235.16977965831757,0.9940311312675476,604.8560934066772,236.2170913517475,0.994340181350708,715.0332260727882,48.464375734329224,0.9636893272399902,564.7476525306702,54.49608850479126,0.965377688407898
51,692.5632089972496,295.7954294681549,0.9055030941963196,593.3989667892456,301.1433231830597,0.858044445514679,675.6619566679001,128.76111602783203,0.8176091909408569,595.1038826704025,120.94687700271606,0.8950914144515991,637.9715032577515,289.1360001564026,0.9943270087242126,636.9486867189407,308.39680618047714,0.9774398803710938,667.7749370783567,236.35368230938911,0.9904528856277466,609.5315630435944,236.19125013053417,0.9962995648384094,708.1462431848049,53.25373339653015,0.9164111614227295,564.658498942852,54.79645323753357,0.950789213180542
52,694.5822250843048,297.5054943561554,0.8447125554084778,594.6005461215973,300.6833688020706,0.7755336761474609,677.4528474807739,128.57014775276184,0.8555182814598083,596.0531157143414,120.54663419723511,0.8296055793762207,638.2793180942535,286.11244440078735,0.9951658248901367,638.364551782608,308.99269795417786,0.9863296151161194,669.0684244632721,235.9096104130149,0.9846493601799011,611.5390514433384,235.3054529428482,0.9942888021469116,707.0103176236153,53.79566764831543,0.8240317702293396,564.3808273971081,53.76407194137573,0.9677373766899109
53,696.0585050582886,297.13384532928467,0.8791130781173706,596.2776740193367,299.8124502450228,0.6605468988418579,677.7762403488159,127.8887243270874,0.8593177795410156,596.4891566932201,119.79700684547424,0.8519188165664673,638.7934808731079,287.2945659160614,0.99488765001297,639.5834465026855,308.8236873745918,0.9862008690834045,669.7923973798752,235.69855055212975,0.9870151281356812,611.6294497251511,234.503049492836,0.9950817823410034,716.8994812965393,52.205220982432365,0.8781478404998779,564.035651743412,53.613399028778076,0.9632571935653687
54,695.9686598777771,295.8870859146118,0.8610337972640991,596.3838592767715,299.10088896751404,0.5940465331077576,677.7106540203094,128.6232509613037,0.8399116396903992,596.4112202525139,120.30401754379272,0.861409068107605,638.8217134475708,287.2718324661255,0.9942787885665894,640.0132834911346,308.8278029561043,0.9824108481407166,669.736293554306,235.4445288181305,0.9861034154891968,612.1467067301273,234.60304653644562,0.9946792125701904,708.0798088461161,53.22795045375824,0.9333474040031433,564.3311321437359,53.413312673568726,0.9726628065109253
55,696.8367266654968,288.40847158432007,0.799846887588501,596.3997566699982,293.6057939529419,0.5901938676834106,678.1518142223358,130.32325613498688,0.8409167528152466,596.9422181844711,120.02133893966675,0.8819379806518555,639.6182961463928,284.9239902496338,0.995652437210083,641.175051689148,306.053701877594,0.9711610078811646,669.3469281196594,232.17410802841187,0.9735392332077026,611.6786897182465,234.04548263549805,0.9941920638084412,731.8862752094865,44.633402943611145,0.9207406044006348,564.5828362703323,52.40960964560509,0.9217039942741394
56,697.1051058769226,292.72791224718094,0.9222373366355896,597.5170578956604,295.3542239665985,0.7225302457809448,678.4919466972351,129.62640953063965,0.7776587605476379,596.4619779288769,122.52724778652191,0.9408711791038513,641.3179652690887,285.62507712841034,0.996743381023407,643.045384645462,306.8754963874817,0.9640951156616211,670.8733491897583,232.75144004821777,0.9657888412475586,612.565854370594,233.84786462783813,0.9954557418823242,727.4180445671082,46.631006717681885,0.9837291836738586,564.57115483284,53.91241252422333,0.9460598826408386
57,696.3013362884521,293.47741627693176,0.9037532806396484,597.2715058326721,294.73956084251404,0.685372531414032,678.3725757598877,129.02185559272766,0.7101606726646423,596.7807408571243,122.58705723285675,0.9350501298904419,640.6984691619873,284.84854447841644,0.9968222379684448,642.4236892461777,306.24120903015137,0.9686753153800964,670.9910759925842,232.23867559432983,0.9744782447814941,611.8844099789858,234.49106788635254,0.9966802597045898,723.9558131173253,45.441776394844055,0.9943872690200806,563.9318727105856,53.86806809902191,0.9346508383750916
58,696.2165193557739,293.3659017086029,0.8201907277107239,597.2153515815735,298.64882373809814,0.63742995262146,677.717024564743,130.9890831708908,0.7443303465843201,595.3712903261185,123.28355801105499,0.9560681581497192,640.2187733650208,286.02490520477295,0.996908962726593,641.3839333057404,306.5205159187317,0.9723562598228455,671.0893540382385,235.48826372623444,0.9717995524406433,611.4557219147682,235.45944476127625,0.996209979057312,724.3985142409801,46.47212219238281,0.9751802682876587,561.7968401908875,55.78386616706848,0.8588663935661316
59,695.2460262775421,294.8224182128906,0.7009367346763611,595.251729786396,300.1675430983305,0.6919743418693542,675.896834872663,129.87327694892883,0.799885630607605,595.52835470438,122.67433488368988,0.9748963713645935,638.6825938224792,287.01745414733887,0.9960324168205261,640.0064833164215,309.8850644826889,0.9694413542747498,670.1989574432373,237.26839745044708,0.9728135466575623,610.493087887764,236.18873904645443,0.9968492388725281,723.4119139909744,46.19845509529114,0.9582685232162476,561.418970823288,54.73304224014282,0.8780770301818848
60,690.9694843292236,299.2530218362808,0.7078591585159302,594.5941005945206,300.5772549510002,0.5977334976196289,674.8143085241318,129.9606432914734,0.6285120248794556,594.2505975961685,123.41199064254761,0.9504632353782654,636.6616234183311,287.90027594566345,0.995276927947998,637.3139727115631,309.34090745449066,0.9673622846603394,665.4463286399841,235.8290260285139,0.978152334690094,607.5938119888306,236.2911660671234,0.9942294359207153,723.0165707468987,46.0953094959259,0.9551169872283936,558.8127737045288,54.0570969581604,0.8694608807563782
61,690.3505058288574,297.36336398124695,0.8415545225143433,590.8046324253082,295.1446385383606,0.5103877186775208,673.2789113521576,125.81910836696625,0.34244441986083984,591.1545605659485,123.37916994094849,0.9056759476661682,633.9851694107056,287.4068830013275,0.995461642742157,635.2431280612946,308.9066444039345,0.9602511525154114,662.660448551178,235.52327105402946,0.9848315715789795,602.6079913377762,237.08999955654144,0.9937073588371277,721.3628714084625,46.55646729469299,0.9834376573562622,553.600269317627,53.90152633190155,0.8781221508979797
62,688.1213450431824,297.4828100204468,0.9165517687797546,590.7374284267426,298.922828912735,0.8188457489013672,671.1077227592468,128.32669377326965,0.4522606432437897,589.6840578317642,124.5677832365036,0.8748937249183655,633.2783823013306,287.9086534976959,0.9958491325378418,631.2445039749146,307.9408731646836,0.9722809791564941,661.7280243635178,235.8201978057623,0.9932832717895508,601.5064334869385,236.95837169885635,0.9941144585609436,719.1228070259094,45.27631914615631,0.9943020343780518,552.8961710929871,55.00230860710144,0.90913325548172
63,686.3861839771271,297.2102391719818,0.9731459021568298,589.1088243722916,300.07080747932196,0.7340885400772095,667.488599717617,129.0189938545227,0.4573748707771301,584.5637073516846,124.61144059896469,0.8554076552391052,631.6731572151184,288.34629011154175,0.995564341545105,631.2950332164764,308.12715293467045,0.9630319476127625,658.9866914749146,236.2765310406685,0.9925398230552673,599.5282320976257,238.07173466682434,0.9887125492095947,708.1978839039803,47.59404230117798,0.9881367683410645,551.4513576030731,55.332011699676514,0.9661840796470642
64,684.8864021897316,298.6023403406143,0.9707410335540771,587.603055626154,303.40493178367615,0.8998761177062988,665.7262098789215,129.39737510681152,0.4743559956550598,583.8206021785736,125.75324869155884,0.8781444430351257,628.676764011383,291.1142653822899,0.9964227080345154,627.8312188833952,310.7197964191437,0.9901593327522278,656.6822526454926,240.9638693332672,0.9926355481147766,600.432119846344,241.01359009742737,0.9897679686546326,708.6933931112289,49.709266901016235,0.989266037940979,549.3153709173203,54.7324595451355,0.9893490076065063
65,681.4969046115875,298.8702527284622,0.9650416374206543,587.9096077010036,304.24988746643066,0.8197509050369263,665.2683930397034,130.73691201210022,0.5980807542800903,583.0715224742889,125.37727952003479,0.8472495675086975,626.8757786750793,291.00720876455307,0.9946842789649963,626.584649682045,310.078898191452,0.9903567433357239,654.7159447669983,241.29147124290466,0.9904707670211792,599.0730180740356,240.5705850124359,0.993851900100708,708.9224298596382,49.43734836578369,0.9863275289535522,548.4549593925476,53.57415246963501,0.9776450395584106
66,680.5125806331635,300.4555376470089,0.9689947366714478,588.3704444169998,304.332040309906,0.7808116674423218,665.235182762146,132.50656431913376,0.6583698987960815,583.2191197872162,125.93445479869843,0.9174445271492004,626.7770555019379,291.0973638892174,0.9948766827583313,626.4830951690674,309.4751055240631,0.9891226887702942,654.1475882530212,242.14866173267365,0.9913363456726074,598.5360107421875,241.76545453071594,0.9962704181671143,707.9676054306328,51.57782760262489,0.9565516710281372,548.5618779063225,53.529818058013916,0.9871011972427368
67,678.7701704502106,301.71248173713684,0.9730427265167236,584.4746499061584,302.15212655067444,0.8055698275566101,662.9131915569305,131.62231522798538,0.8304219841957092,581.8961708545685,125.55892705917358,0.9277058839797974,625.1820967197418,291.22203928232193,0.9944664835929871,624.576758146286,309.4137612581253,0.9880637526512146,656.377758026123,241.4488923549652,0.9930551648139954,597.2660692930222,242.26034772396088,0.997938334941864,707.0962936282158,51.79955257475376,0.9660454988479614,548.6621234416962,55.374735832214355,0.9854924082756042
68,677.5822044610977,302.1813266277313,0.968056321144104,581.578739285469,302.45421290397644,0.8608911037445068,662.9787647724152,131.34465771913528,0.7381521463394165,581.3349587917328,125.69527685642242,0.9399048089981079,623.6677734851837,289.58246970176697,0.9941481351852417,623.0129570960999,310.41523575782776,0.9830899238586426,654.9196767807007,241.54371690750122,0.9931040406227112,596.8050128221512,242.57395935058594,0.9987760186195374,705.2436611652374,50.11976492404938,0.9618352651596069,549.070748925209,54.807095527648926,0.9769232869148254
69,677.916935801506,301.9051470756531,0.9736582040786743,580.1711204499006,303.4144949913025,0.8803722858428955,663.5315854549408,132.18605749309063,0.6972635388374329,580.7953481674194,126.87037825584412,0.9249196648597717,622.7760093212128,291.62793359160423,0.9948955178260803,622.4156212806702,312.0799994468689,0.9790294170379639,654.5423257350922,242.39898943901062,0.9931797981262207,596.2214003503323,244.2718708217144,0.9986101388931274,705.9873149394989,50.8571195602417,0.9715437293052673,547.7065460681915,55.44857835769653,0.9694305658340454
70,678.7357671260834,302.2220597267151,0.9733245372772217,582.029447555542,303.0312993526459,0.8418874144554138,584.1863794326782,131.31217390298843,0.6237844228744507,580.1317765116692,129.01158142089844,0.9179600477218628,623.6998522281647,292.28690043091774,0.9943956136703491,624.2597305774689,311.65349435806274,0.9844858646392822,655.3256847858429,242.18671810626984,0.9940750598907471,596.9492474794388,244.39296063780785,0.9981972575187683,706.5481978654861,51.84010989964008,0.9617153406143188,544.7869913578033,55.8418288230896,0.9752171039581299
71,677.9732896089554,302.6764466762543,0.9875792860984802,582.7195942401886,303.71476101875305,0.7997504472732544,584.7140374183655,133.4956247806549,0.5006935000419617,580.0838657319546,131.55810517072678,0.938573956489563,623.9188315868378,294.05723214149475,0.9943382143974304,624.1179463863373,313.3169345855713,0.9774911403656006,655.7014768123627,243.1737887263298,0.9908780455589294,597.1707957983017,245.96742737293243,0.9984098672866821,706.4838968515396,52.844979763031006,0.9668675661087036,546.2569801807404,59.51066383719444,0.9556742906570435
72,677.2167304754257,303.99886560440063,0.9824475646018982,582.2677714824677,304.6779770851135,0.7655592560768127,1177.8483064174652,645.6276235580444,0.7631858587265015,579.1937527656555,133.4553084373474,0.9436193704605103,623.3191800117493,294.5001335144043,0.9951046705245972,623.3035545349121,314.2143712043762,0.9742806553840637,654.3979210853577,243.8678266555071,0.9921308159828186,596.1142528429627,246.20381093025208,0.9986384510993958,704.9193141460419,53.1247615814209,0.9422616958618164,548.4761307239532,61.04363656044006,0.5908076763153076
73,677.4120185375214,303.9763066768646,0.9757705926895142,581.7002655267715,304.5861620903015,0.7497194409370422,663.6412081718445,138.6346287727356,0.7317456603050232,579.8877504020929,132.96859914064407,0.9549408555030823,623.214677810669,295.7079951763153,0.9954540729522705,622.9515700340271,314.83539390563965,0.9734209775924683,655.2207796573639,244.40694886446,0.9934127926826477,596.6438611745834,247.22184014320374,0.9982561469078064,704.6364657878876,54.23705315589905,0.9175601005554199,549.6733766794205,66.27135407924652,0.26352018117904663
74,677.8794709444046,303.7912321090698,0.9827788472175598,581.2343002557755,304.78717136383057,0.8435531258583069,665.275505065918,137.74330234527588,0.6231076717376709,580.4635131657124,132.68562489748,0.9613506197929382,622.7664368152618,294.90922951698303,0.9959934949874878,622.4798097610474,314.47848320007324,0.9729755520820618,654.7463331222534,243.82744851708412,0.9923424124717712,596.1836409270763,246.54898166656494,0.9986009001731873,708.5778854489326,52.44568729400635,0.9137927293777466,548.3938643336296,67.72195529937744,0.05253051593899727
75,678.0058431625366,303.15090584754944,0.9755681157112122,577.1465764045715,304.02413177490234,0.8914754390716553,662.7792770862579,131.95892618224025,0.7690874338150024,580.3946117758751,130.3533899784088,0.9663282036781311,621.4975408315659,293.51863753795624,0.9968320727348328,621.2488446235657,313.13677978515625,0.9746229648590088,653.3533698320389,243.05802309513092,0.9951116442680359,594.6105204820633,244.77801913022995,0.9989763498306274,706.2205114364624,54.36173868179321,0.8750535249710083,549.4035354852676,65.87482476234436,0.05897164344787598
76,678.0745553970337,301.08172023296356,0.9650875926017761,575.4070267677307,299.1839988231659,0.8546348214149475,661.344718337059,128.20745038986206,0.7037226557731628,581.4330240488052,125.85541129112244,0.9664302468299866,620.2266192883253,290.6639198064804,0.9967621564865112,619.7742599546909,311.5334095954895,0.9811274409294128,652.5657811760902,241.48049759864807,0.9951010346412659,592.3551394939423,242.43241572380066,0.9984365105628967,708.355322599411,53.59775483608246,0.9381480813026428,550.3473088741302,64.41856813430786,0.07239305227994919
77,673.8092753887177,300.232224881649,0.7245168089866638,568.2150349617004,302.2622420787811,0.9709153771400452,659.7942706495523,129.18444657325745,0.6774299144744873,577.8754155635834,126.4932746887207,0.8954059481620789,614.1049327850342,292.8377013206482,0.9978020787239075,611.3783724308014,311.483008146286,0.993467390537262,643.6248261630535,242.4303479194641,0.9976432919502258,583.8963150978088,244.64575338363647,0.9940726161003113,708.8337773680687,55.24962139129639,0.8901508450508118,551.8817181587219,65.05774402618408,0.18487609922885895
78,671.9710998535156,299.05042320489883,0.7863689661026001,564.8837375640869,305.6095666885376,0.9545446634292603,656.561136007309,126.68289518356323,0.6373809576034546,575.0190823078156,127.07253527641296,0.7757940292358398,608.397025346756,294.42790961265564,0.9960840940475464,606.6687211990356,313.44229316711426,0.9832768440246582,640.0044679641724,241.91095566749573,0.9929578304290771,579.7442814707756,243.0699161887169,0.9983665347099304,707.6352983415127,55.033265829086304,0.9333868622779846,559.3277380466461,65.57628059387207,0.33543118834495544
79,665.6849246025085,299.4007343053818,0.9392616748809814,559.9578928947449,302.63258504867554,0.9794425368309021,648.9024920463562,127.54058766365051,0.7441436052322388,571.9848237829283,128.03761339187622,0.8267219662666321,600.84028673172,290.52791714668274,0.9973934888839722,600.9487540721893,312.5496435165405,0.9880751967430115,634.0207697153091,242.36581134796143,0.9920719265937805,572.7465240359306,243.8992938324809,0.9974759221076965,705.6192152500153,54.221988677978516,0.9762287735939026,566.4668319225311,56.72188329696655,0.03174133971333504
80,662.0676164627075,296.06860876083374,0.8814046382904053,557.0115720033646,301.96663439273834,0.9677460789680481,643.4949109554291,124.83251935243607,0.8524302840232849,567.4670414924622,123.74810114502907,0.9316876530647278,598.9899876117706,291.19441318511963,0.9976209998130798,597.8457781076431,311.7288267612457,0.9934590458869934,627.1023469567299,240.80251479148865,0.9926734566688538,568.6203989982605,241.7246913909912,0.9945536851882935,704.2747280597687,52.82298386096954,0.9714824557304382,567.1643218994141,54.22687554359436,0.5428188443183899
81,660.8419143557549,291.78777131438255,0.6981337070465088,553.765459060669,301.8869014978409,0.9860798716545105,642.6181865930557,125.39809501171112,0.7005499601364136,563.5809414386749,124.91189986467361,0.9369791746139526,593.6083741188049,290.2696133852005,0.9954776167869568,593.0363552570343,312.076566696167,0.9938790798187256,624.1114864349365,238.85613107681274,0.9789998531341553,565.0712827444077,239.97485828399658,0.9966192245483398,702.1559545993805,50.94438374042511,0.9601860642433167,566.626882314682,52.856861889362335,0.5568453669548035
82,656.4424576759338,291.09980738162994,0.8587030172348022,546.1884205341339,303.5514144897461,0.9808022975921631,639.1399419307709,127.49269580841064,0.23886738717556,557.9581166505814,130.5674763917923,0.935875654220581,588.8523024320602,287.36578607559204,0.9969239830970764,591.1588137149811,312.6599769592285,0.9941251277923584,620.2803521156311,238.18472528457642,0.9851102828979492,559.7538149356842,238.97537851333618,0.9959694147109985,701.9828878641129,51.886487260460854,0.9587728977203369,564.2896472215652,53.69854760169983,0.497538298368454
83,650.1562461853027,289.917240858078,0.5534999370574951,546.2361721992493,296.27025604248047,0.9079548716545105,633.999374628067,129.91035223007202,0.6347917318344116,555.2038993239403,131.5556455552578,0.9621193408966064,585.6827960014343,287.0288791656494,0.996025562286377,587.6418140530586,310.40074133872986,0.9943038821220398,614.954452753067,234.78395974636078,0.9908419847488403,554.7439246177673,238.1850709915161,0.9954347014427185,700.597661614418,49.63623547554016,0.9686630964279175,559.8155398368835,52.72967129945755,0.5986383557319641
84,651.7711243629456,284.80756694078445,0.7843769788742065,543.0721595287323,294.6733253002167,0.9258919358253479,630.7831420898438,130.59705293178558,0.7310560941696167,552.4418892860413,131.70560318231583,0.9432626962661743,581.9045660495758,286.7638912200928,0.99619460105896,583.8243584632874,310.30667662620544,0.9925597906112671,610.861763715744,234.98989236354828,0.988229513168335,551.3789927959442,239.9192419052124,0.9980894923210144,699.7644608318806,49.98906683921814,0.9521936774253845,560.2224016189575,53.4286732673645,0.5731148719787598
85,652.4227627515793,277.6758939027786,0.5749503374099731,533.952112197876,295.453506231308,0.9771496653556824,627.411847949028,128.85262060165405,0.3315698802471161,545.0272922515869,133.66996824741364,0.937318742275238,575.2093229293823,286.9177441596985,0.9932385683059692,578.7092349529266,311.08939599990845,0.9948921203613281,603.8103995472193,238.420503616333,0.9785833358764648,544.076669216156,240.282240152359,0.9985515475273132,693.5655360221863,52.86641716957092,0.9573164582252502,556.2104251086712,54.354182720184326,0.49626004695892334
86,1216.768859386444,830.1720817089081,0.5373669862747192,526.7833738327026,299.11485916376114,0.8869184851646423,615.5024528503418,131.5623143017292,0.5045719146728516,537.8599200248718,137.67131805419922,0.8531604409217834,563.3585866689682,287.0991141796112,0.9959366321563721,567.1618316173553,310.35997796058655,0.9918044805526733,591.0944640636444,238.44950437545776,0.9871118664741516,533.8172612190247,240.84865951538086,0.9992577433586121,697.6034607887268,54.202415466308594,0.9133248925209045,552.6118316650391,56.40108871459961,0.751393735408783
87,641.2816982269287,274.95904445648193,0.5282952189445496,515.811349093914,305.1283903121948,0.9901348948478699,613.0743314027786,129.75479388237,0.287676066160202,530.2934285402298,140.13499201834202,0.8453615307807922,549.0273218154907,287.2952456474304,0.9952031373977661,551.8860459327698,312.1068367958069,0.9832245111465454,574.759948015213,239.02177000045776,0.9940410256385803,519.9012479782104,241.87945866584778,0.9996477365493774,725.9701201915741,58.51915681362152,0.9128207564353943,552.6418294906616,56.284480571746826,0.5499387383460999
88,629.4145638942719,279.51998257637024,0.14169730246067047,506.37911343574524,307.8178009092808,0.9424391984939575,597.8073009252548,132.45785081386566,0.09160589426755905,523.1481543183327,142.29750442504883,0.8011729717254639,534.0951347351074,285.32989382743835,0.9914320707321167,542.3465650081635,314.88259840011597,0.9048668742179871,559.1284639835358,239.66591262817383,0.9682591557502747,503.2588210105896,241.2755994796753,0.9992926120758057,728.7817153930664,61.92550003528595,0.9929592609405518,555.2416622638702,52.74579566717148,0.5566004514694214
89,590.0435609817505,302.92256450653076,0.2866872251033783,485.90701270103455,305.89698362350464,0.7768628001213074,589.0135103464127,127.39435267448425,0.15555773675441742,513.213937997818,139.27681905031204,0.6495816111564636,516.2957100272179,286.45222902297974,0.9883963465690613,521.423906326294,314.5830340385437,0.9321848154067993,541.2902662754059,237.21763372421265,0.9943574070930481,486.49459290504456,241.74697589874268,0.9997705817222595,725.9127091169357,60.68828493356705,0.9974345564842224,551.5529527664185,52.79608595371246,0.4434643089771271
90,590.8285851478577,300.8852640390396,0.6620301604270935,470.79121232032776,306.8337781429291,0.36901459097862244,500.2963831424713,138.23739421367645,0.3316028118133545,499.61329954862595,139.97610127925873,0.8131928443908691,499.3365297317505,294.11605167388916,0.9765190482139587,500.19795294106007,316.507507622242,0.9865937232971191,519.5959770679474,238.83113551139832,0.9908627271652222,471.3765652179718,240.03197693824768,0.9996323585510254,722.7759554386139,60.069522984325886,0.9964974522590637,549.0263847112656,53.179922103881836,0.2957322597503662
91,582.4005405902863,300.3645193576813,0.5950620770454407,1205.111034154892,984.4581055641174,0.24159306287765503,486.997309923172,138.25874626636505,0.485395222902298,548.8883047103882,115.4206913113594,0.8325241804122925,475.84302346408367,289.1446101665497,0.9166966676712036,479.3960871696472,312.1835370063782,0.9871741533279419,497.4439272880554,240.84624791145325,0.9948977828025818,452.69690829515457,240.40171551704407,0.9997195601463318,712.7042627334595,61.27873635292053,0.9956745505332947,543.9647767543793,52.568904638290405,0.6433650255203247
92,570.6851427555084,300.7655125260353,0.5049241781234741,1203.3732595443726,983.812995672226,0.21366260945796967,474.2860687971115,137.183687210083,0.7303717732429504,532.5588858127594,119.88804721832275,0.934671938419342,457.4710536003113,291.80805680155754,0.9517703652381897,462.6716094017029,312.7866311073303,0.9853039383888245,477.8952212333679,243.68228900432587,0.9980681538581848,432.2219738960266,242.48868036270142,0.9993882179260254,710.8760199546814,65.52440142631531,0.9942280054092407,537.0180172920227,53.70142590999603,0.21225666999816895
93,557.6145598888397,301.6176189184189,0.39152413606643677,1202.6820249557495,983.7335183620453,0.2850690484046936,463.76854705810547,140.1344349384308,0.6371429562568665,513.6834115982056,118.86887741088867,0.9550285935401917,436.6944414973259,281.7376227378845,0.9423415660858154,443.7302497327328,313.0522463321686,0.9854373931884766,454.9462220668793,246.65918374061584,0.9960781931877136,411.55353313684464,244.0793274268508,0.9991577863693237,703.1405856609344,68.29425731301308,0.9939675331115723,318.5121591091156,589.2626823186874,0.02887607552111149
94,547.2601792812347,297.7736144065857,0.18142662942409515,1202.007796406746,983.4134452342987,0.25215569138526917,452.227756947279,141.04119896888733,0.8283498883247375,500.76224064826965,121.76429891586304,0.9558875560760498,416.45813632011414,288.2461619377136,0.9239511489868164,427.15866273641586,314.8326493501663,0.995155930519104,433.6493663787842,251.58482614159584,0.9968390464782715,392.2074193954468,248.4175989627838,0.9989621639251709,691.2438860535622,73.49566411972046,0.9832316637039185,318.3202040195465,594.4260417222977,0.04542642459273338
95,529.4966719150543,305.8102984428406,0.33460885286331177,1201.757534980774,983.1759877204895,0.3293220102787018,438.909716129303,146.5948406457901,0.45895203948020935,485.12226951122284,124.34976226091385,0.8810325860977173,400.36082124710083,295.07550954818726,0.8490681052207947,411.2312061190605,316.2261356860399,0.9905166029930115,414.5948989391327,253.4369878768921,0.9953902959823608,376.08835887908936,253.70747590065002,0.9988961219787598,677.1825115680695,74.27738189697266,0.9799971580505371,539.640837430954,51.32289183139801,0.1691763997077942
96,472.49229860305786,196.91699761152267,0.23447632789611816,1200.744665145874,983.2045660018921,0.25388169288635254,456.743932723999,126.23579525947571,0.7840733528137207,432.42460894584656,150.95298290252686,0.9143738150596619,391.75616550445557,314.41180539131165,0.8788037300109863,400.33870029449463,323.00524866580963,0.9908037185668945,394.4739615917206,259.7361695766449,0.9933204650878906,359.02868247032166,258.67169737815857,0.9991313815116882,662.6613297462463,74.08009624481201,0.953219473361969,470.97400665283203,199.44713497161865,0.058525003492832184
97,504.2867956161499,311.7361891269684,0.11970917880535126,1201.9915721416473,983.3560802936554,0.2911394238471985,446.00096702575684,131.93685303628445,0.9089143872261047,449.7325096130371,135.56869411468506,0.8317003846168518,386.45359790325165,324.41442343592644,0.9041938781738281,392.2972536087036,332.71916365623474,0.9851118922233582,374.48153710365295,271.4420189857483,0.9871709942817688,342.56662225723267,266.2824980020523,0.9950482249259949,647.7443747520447,74.47303915023804,0.8923147320747375,506.90756130218506,309.72900342941284,0.04062436893582344
98,1147.097706913948,957.9415065050125,0.04811067134141922,1201.8743982315063,983.2825758457184,0.33036908507347107,433.88976407051086,134.90707421302795,0.9611773490905762,432.8372197151184,139.9749953057617,0.5631757974624634,374.6449544429779,329.6905241012573,0.9486671090126038,383.6550598144531,337.7670040130615,0.9897838234901428,356.2180880755186,279.59059381484985,0.942969024181366,331.4787783026695,273.9006989002228,0.967786967754364,631.2764871120453,72.59290647506714,0.9531339406967163,441.594762802124,210.35416567325592,0.038106855005025864
99,1147.8216381371021,956.4403249323368,0.057856325060129166,1201.4843318462372,982.4449207782745,0.3762662708759308,425.94768810272217,138.33016788959503,0.9002044200897217,403.4024663567543,169.48687267303467,0.17628337442874908,368.1930708885193,335.1572196483612,0.9160200953483582,375.90952730178833,344.59966683387756,0.9821453094482422,348.2509689629078,285.4221382141113,0.9766151905059814,321.8376393318176,281.2115271091461,0.9960755705833435,609.1264300346375,72.57427644729614,0.7519303560256958,435.3948926925659,216.5118865966797,0.08517453074455261
100,1147.941151611507,957.322579741478,0.057092223316431046,1201.1682806015015,983.8121054172516,0.37959566712379456,405.9088966846466,151.4739351272583,0.7899590134620667,399.5817494392395,158.36028337478638,0.3940947651863098,355.47496938705444,343.1151716709137,0.8579595685005188,364.6140610575676,346.2756767272949,0.9616639614105225,334.9108774662018,291.53520277142525,0.9738821387290955,315.1551130414009,288.9310703277588,0.9755987524986267,593.0144901275635,73.6287088394165,0.9289252161979675,418.1376622915268,225.5479347705841,0.08085295557975769
101,1146.9300038814545,957.3538162708282,0.04732798784971237,1201.3090858459473,983.5931432247162,0.2738471031188965,362.5665760040283,273.6652579307556,0.2939079701900482,360.817275762558,274.384529709816,0.026198478415608406,348.30526012182236,345.2993860244751,0.9309555888175964,358.639121055603,352.2937834262848,0.9730695486068726,331.8462278544903,296.05925369262695,0.9844728112220764,307.83876045048237,294.11328625679016,0.9956589937210083,579.3712141513824,79.37872552871704,0.6698949337005615,620.8604160547256,87.24817657470703,0.061916399747133255
102,1147.074384868145,955.8412098437548,0.08150526881217957,1200.4926452636719,982.630765914917,0.321065217256546,386.75016963481903,164.48994907736778,0.14734193682670593,381.06884145736694,174.37254524230957,0.03894980624318123,350.21643114089966,351.97792768478394,0.7603710293769836,355.8807226642966,358.1154158115387,0.9139482975006104,326.0931284427643,299.81981751322746,0.989581823348999,306.1953339576721,297.5116744041443,0.9650066494941711,553.5644562244415,81.81535863876343,0.6959498524665833,613.2976222038269,88.33307433128357,0.05488569661974907
103,468.03853940591216,341.78656101226807,0.1184367686510086,1200.4552006721497,982.6949067115784,0.3084655702114105,1268.739839553833,965.3087359666824,0.0905008390545845,532.2119555175304,566.6025114059448,0.023613341152668,341.7956576347351,356.06070709228516,0.5641526579856873,356.419158577919,363.41362792253494,0.6076911687850952,317.49331629276276,307.70451509952545,0.9110351204872131,301.540331363678,304.73271584510803,0.8419666290283203,993.9763970375061,251.0504994392395,0.215020090341568,516.1656971871853,82.1780731678009,0.025659844279289246
104,462.4979953765869,343.8073420524597,0.33047500252723694,1201.208173751831,982.5765545368195,0.4275684058666229,1268.841360092163,965.6792188882828,0.10359888523817062,1262.5487928390503,964.8878601789474,0.02398853749036789,336.67499446868896,354.82533979415894,0.5503687858581543,349.2664889097214,361.49858498573303,0.5523524284362793,321.8005030155182,308.45639780163765,0.9304559826850891,301.3339681625366,308.0359331853688,0.9402068257331848,640.0218019485474,98.84628236293793,0.8500092625617981,1194.4435453414917,971.5253621637821,0.016039438545703888
105,464.76028537750244,345.09944796562195,0.10550469905138016,1200.6271443367004,983.4944667816162,0.3092902898788452,392.08189034461975,301.9165322780609,0.04750048741698265,1262.6775918006897,966.4074792861938,0.01918177492916584,333.339861869812,358.84681153297424,0.43675756454467773,343.49909019470215,364.0403177253902,0.268480122089386,316.54458248615265,312.36575055122375,0.9499478936195374,304.4572467803955,310.9754409790039,0.7513396739959717,625.3467650413513,103.90634608268738,0.9468550086021423,557.9416935443878,93.91732895374298,0.0226791650056839
106,1146.6762170791626,954.6046035289764,0.07165594398975372,1200.879772901535,982.755940914154,0.43023550510406494,1267.9249563068151,964.4026812314987,0.06258302927017212,1262.1835420131683,964.2254291176796,0.019000554457306862,332.659298658371,359.6320149898529,0.4481203556060791,1210.831137061119,986.4947270154953,0.2235965132713318,319.7934229373932,315.173397064209,0.8714413642883301,304.7102253437042,315.07152312994003,0.6881533861160278,620.7398859858513,103.21884036064148,0.45147812366485596,550.6886723041534,99.75071386992931,0.08178461343050003
107,449.9651427268982,349.30672430992126,0.12252029776573181,1200.2547960281372,983.4389724731445,0.2914411723613739,1267.8186534792185,965.8125903606415,0.08381933718919754,1262.1087172031403,965.3688246011734,0.021725323051214218,1205.9608672857285,983.9762396812439,0.06230023503303528,1210.0744457244873,987.1652755737305,0.1332799345254898,394.4838408231735,309.33224844932556,0.3338647484779358,1198.3794960975647,971.1379405260086,0.3511694073677063,612.6807087659836,105.78304266929626,0.681892454624176,547.2501276731491,101.82441520690918,0.04577423259615898
108,1143.2498545646667,955.0732452869415,0.08650639653205872,1198.0578963756561,979.1657105088234,0.3032335638999939,1261.329649925232,961.3793575763702,0.028994789347052574,1262.7913434505463,964.0544735156,0.021162886172533035,394.60387563705444,382.9358775615692,0.047031424939632416,1209.4932651519775,985.9761898517609,0.1325276494026184,1138.419825911522,953.4548389911652,0.2660888433456421,1258.2022367715836,962.0757256746292,0.2171953171491623,563.8412718176842,102.02236533164978,0.6640372276306152,546.512485742569,102.73422431945801,0.14457553625106812
109,438.38380789756775,349.3833850622177,0.0747353658080101,1200.1965522766113,982.7440755367279,0.29750293493270874,426.06742918491364,338.8514688014984,0.08448757231235504,1262.7166316509247,965.8319510221481,0.033349018543958664,383.23850560188293,376.7603750228882,0.26739174127578735,1209.2846369743347,986.8237040042877,0.14440494775772095,407.4261951446533,330.9864557981491,0.8531928062438965,1254.912338733673,964.6978904604912,0.3761984407901764,567.5184261798859,105.2814416885376,0.8154541850090027,451.1215144395828,95.42873954772949,0.04660633206367493
110,1142.6416311264038,954.9851607084274,0.07804958522319794,1201.3986263275146,982.2814807891846,0.3389996290206909,427.5212659239769,339.7133948802948,0.04689169302582741,1130.950101017952,956.0026284768246,0.024870598688721657,1265.6011078357697,984.7693347930908,0.059395499527454376,1210.3916290998459,986.0196793079376,0.14452728629112244,1279.4024357795715,961.0694401264191,0.30637529492378235,1255.6546020507812,964.4356794655323,0.4158132076263428,565.9285115003586,105.4102520942688,0.9300206899642944,439.69023180007935,100.92241156101227,0.2951269745826721
111,1142.5225319862366,954.7125239372253,0.058722883462905884,1200.9166555404663,982.1816864013672,0.2874245047569275,434.66517543792725,341.956582069397,0.04310835152864456,1131.077893435955,956.2154481261969,0.0159147996455431,1077.7793236970901,983.0720138549805,0.10294879227876663,1210.1310685873032,986.1247715950012,0.08743862062692642,1278.620813369751,960.7659089565277,0.281181275844574,1255.133537530899,963.9428002461791,0.36750197410583496,564.6057637929916,105.65867948532104,0.9674625992774963,466.9253866672516,107.30258357524872,0.746792197227478
112,1141.158707499504,954.7917102575302,0.05257000774145126,1197.2989819049835,980.0971586108208,0.2907213270664215,439.40293550491333,345.0009217262268,0.03136769309639931,1130.7466892004013,956.2835874855518,0.01685941033065319,1076.9201292991638,982.7679913043976,0.12265421450138092,1082.394842505455,984.204607963562,0.09271204471588135,1276.2798273265362,960.6422894001007,0.1642715483903885,1253.6792639493942,962.5773465633392,0.3479160964488983,562.554166674614,103.97984647750854,0.9242010712623596,454.384006023407,107.40688771009445,0.7999176979064941
